S/N,Agency,Identified Component,Identified parameters,Suggested Revit Representation,Suggested Archicad Representation,Suggested Tekla Structures Representation,Suggested Bentley OpenBuildings Representation,Suggested Discipline,"IFC4
 Entities","IFC Sub Types
(* = USERDEFINED)",Property Set,Property Name,Property Type,Property Unit,"IFC4
Material Set","Accepted Values 
(for parameters with Input Limitations)","Sample Value for Reference
(for parameters without Input Limitations)",,,,,
1,BCA,Accessible Route,Barrier Free Accessibility,Areas,Zone,N.A,Space,ARC,IfcSpace,*ACCESSIBLEROUTE,SGPset_SpaceDimension,Width,Length,mm,N.A,N.A,"1500, 1800",IfcSpaceACCESSIBLEROUTE,okay,Space,Space,okay
2,BCA,Accessible Route,Barrier Free Accessibility,Areas,Zone,N.A,Space,ARC,IfcSpace,*ACCESSIBLEROUTE,SGPset_Space,BarrierFreeAccessibility,Boolean,N.A,N.A,TRUE/FALSE,N.A,IfcSpaceACCESSIBLEROUTE,okay,Space,Space,okay
3,BCA,Beam,Beam Span Type,Structural Framing,Beam,Beam,Beam,STR,IfcBeam,N.A,SGPset_Beam,BeamSpanType,Label,N.A,N.A,"Single, End, Interior, Cantilever",N.A,IfcBeamN.A,skip,Beam,Beam,okay
4,BCA,Beam,Bottom Left,Structural Framing,Beam,Beam,Beam,STR,IfcBeam,N.A,SGPset_BeamReinforcement,BottomLeft,Label,N.A,N.A,N.A,3H25,IfcBeamN.A,skip,Beam,Beam,okay
5,BCA,Beam,Bottom Middle,Structural Framing,Beam,Beam,Beam,STR,IfcBeam,N.A,SGPset_BeamReinforcement,BottomMiddle,Label,N.A,N.A,N.A,3H32+3H25+3H20,IfcBeamN.A,skip,Beam,Beam,okay
6,BCA,Beam,Bottom Right,Structural Framing,Beam,Beam,Beam,STR,IfcBeam,N.A,SGPset_BeamReinforcement,BottomRight,Label,N.A,N.A,N.A,3H25,IfcBeamN.A,skip,Beam,Beam,okay
7,BCA,Beam,Construction Method,Structural Framing,Beam,Beam,Beam,STR,IfcBeam,N.A,SGPset_Beam,ConstructionMethod,Label,N.A,N.A,"CIS, PC, PT (Pre), PT (Post), PF, PPVC, Spun",N.A,IfcBeamN.A,skip,Beam,Beam,okay
8,BCA,Beam,Depth,Structural Framing,Beam,Beam,Beam,STR,IfcBeam,N.A,SGPset_BeamDimension,Depth,Length,mm,N.A,N.A,600,IfcBeamN.A,skip,Beam,Beam,okay
9,BCA,Beam,Left Connection Detail,Structural Framing,Beam,Beam,Beam,STR,IfcBeam,N.A,SGPset_SteelConnection,LeftConnectionDetail,Label,N.A,N.A,N.A,Detail 1,IfcBeamN.A,skip,Beam,Stee,check
10,BCA,Beam,Left Connection Type,Structural Framing,Beam,Beam,Beam,STR,IfcBeam,N.A,SGPset_SteelConnection,LeftConnectionType,Label,N.A,N.A,"Pinned, Fixed, Free",N.A,IfcBeamN.A,skip,Beam,Stee,check
11,BCA,Beam,Mark,Structural Framing,Beam,Beam,Beam,STR,IfcBeam,N.A,SGPset_BeamDimension,Mark,Label,N.A,N.A,N.A,"HB1, VB1, B1",IfcBeamN.A,skip,Beam,Beam,okay
12,BCA,Beam,Material Grade,Structural Framing,Beam,Beam,Beam,STR,IfcBeam,N.A,SGPset_Material,MaterialGrade,Label,N.A,Name,"C12/15, C20/25, C30/37, C32/40, C35/45, C40/50, C50/60, C55/67, C60/75, C70/85, C80/95, S235, S275, S355, S460",N.A,IfcBeamN.A,skip,Beam,Mate,check
13,BCA,Beam,Mechanical Connection Type,Structural Framing,Beam,Beam,Beam,STR,IfcBeam,N.A,SGPset_Beam,MechanicalConnectionType,Label,N.A,N.A,"telescopic beam connector, grounted sleeves, lotus-root system",N.A,IfcBeamN.A,skip,Beam,Beam,okay
14,BCA,Beam,Member Section,Structural Framing,Beam,Beam,Beam,STR,IfcBeam,N.A,SGPset_BeamDimension,MemberSection,Label,N.A,N.A,N.A,"RHS600x30x4, CHS500x3.0, 254x254x63 kg/m",IfcBeamN.A,skip,Beam,Beam,okay
15,BCA,Beam,Prefabricated Reinforcement Cage,Structural Framing,Beam,Beam,Beam,STR,IfcBeam,N.A,SGPset_BeamReinforcement,PrefabricatedReinforcementCage,Boolean,N.A,N.A,TRUE/FALSE,N.A,IfcBeamN.A,skip,Beam,Beam,okay
16,BCA,Beam,ReferTo2DDetail,Structural Framing,Beam,Beam,Beam,STR,IfcBeam,N.A,SGPset_Beam,ReferTo2DDetail,Label,N.A,N.A,N.A,Dwg Number,IfcBeamN.A,skip,Beam,Beam,okay
17,BCA,Beam,Reinforcement Steel Grade,Structural Framing,Beam,Beam,Beam,STR,IfcBeam,N.A,SGPset_Beam,ReinforcementSteelGrade,Label,N.A,N.A,"500A, 500B, 500C, 600A, 600B, 600C",N.A,IfcBeamN.A,skip,Beam,Beam,okay
18,BCA,Beam,Right Connection Detail,Structural Framing,Beam,Beam,Beam,STR,IfcBeam,N.A,SGPset_SteelConnection,RightConnectionDetail,Label,N.A,N.A,N.A,Detail 1,IfcBeamN.A,skip,Beam,Stee,check
19,BCA,Beam,Right Connection Type,Structural Framing,Beam,Beam,Beam,STR,IfcBeam,N.A,SGPset_SteelConnection,RightConnectionType,Label,N.A,N.A,"Pinned, Fixed, Free",N.A,IfcBeamN.A,skip,Beam,Stee,check
20,BCA,Beam,Section Fabrication Method,Structural Framing,Beam,Beam,Beam,STR,IfcBeam,N.A,SGPset_Beam,SectionFabricationMethod,Label,N.A,N.A,"Hot rolled, Cold formed",N.A,IfcBeamN.A,skip,Beam,Beam,okay
21,BCA,Beam,Side Bar,Structural Framing,Beam,Beam,Beam,STR,IfcBeam,N.A,SGPset_BeamReinforcement,SideBar,Label,N.A,N.A,N.A,H13-250,IfcBeamN.A,skip,Beam,Beam,okay
22,BCA,Beam,Splice Connection,Structural Framing,Beam,Beam,Beam,STR,IfcBeam,N.A,SGPset_SteelConnection,SpliceConnection,Label,N.A,N.A,N.A,Detail 3,IfcBeamN.A,skip,Beam,Stee,check
23,BCA,Beam,Stirrups Left,Structural Framing,Beam,Beam,Beam,STR,IfcBeam,N.A,SGPset_BeamReinforcement,StirrupsLeft,Label,N.A,N.A,N.A,4H13-300,IfcBeamN.A,skip,Beam,Beam,okay
24,BCA,Beam,Stirrups Middle,Structural Framing,Beam,Beam,Beam,STR,IfcBeam,N.A,SGPset_BeamReinforcement,StirrupsMiddle,Label,N.A,N.A,N.A,4H13-300,IfcBeamN.A,skip,Beam,Beam,okay
25,BCA,Beam,Stirrups Right,Structural Framing,Beam,Beam,Beam,STR,IfcBeam,N.A,SGPset_BeamReinforcement,StirrupsRight,Label,N.A,N.A,N.A,4H13-300,IfcBeamN.A,skip,Beam,Beam,okay
26,BCA,Beam,Stirrups Type Left,Structural Framing,Beam,Concrete Beam,Beam,STR,IfcBeam,N.A,SGPset_BeamReinforcement,StirrupsTypeLeft,Label,N.A,N.A,"Normal, U, C, CL, Torsion",N.A,IfcBeamN.A,skip,Beam,Beam,okay
27,BCA,Beam,Stirrups Type Middle,Structural Framing,Beam,Concrete Beam,Beam,STR,IfcBeam,N.A,SGPset_BeamReinforcement,StirrupsTypeMiddle,Label,N.A,N.A,"Normal, U, C, CL, Torsion",N.A,IfcBeamN.A,skip,Beam,Beam,okay
28,BCA,Beam,Stirrups Type Right,Structural Framing,Beam,Concrete Beam,Beam,STR,IfcBeam,N.A,SGPset_BeamReinforcement,StirrupsTypeRight,Label,N.A,N.A,"Normal, U, C, CL, Torsion",N.A,IfcBeamN.A,skip,Beam,Beam,okay
29,BCA,Beam,Top Left,Structural Framing,Beam,Beam,Beam,STR,IfcBeam,N.A,SGPset_BeamReinforcement,TopLeft,Label,N.A,N.A,N.A,3H32+3H25,IfcBeamN.A,skip,Beam,Beam,okay
30,BCA,Beam,Top Middle,Structural Framing,Beam,Beam,Beam,STR,IfcBeam,N.A,SGPset_BeamReinforcement,TopMiddle,Label,N.A,N.A,N.A,3H25,IfcBeamN.A,skip,Beam,Beam,okay
31,BCA,Beam,Top Right,Structural Framing,Beam,Beam,Beam,STR,IfcBeam,N.A,SGPset_BeamReinforcement,TopRight,Label,N.A,N.A,N.A,3H32+3H25,IfcBeamN.A,skip,Beam,Beam,okay
32,BCA,Beam,Width,Structural Framing,Beam,Beam,Beam,STR,IfcBeam,N.A,SGPset_BeamDimension,Width,Length,mm,N.A,N.A,300,IfcBeamN.A,skip,Beam,Beam,okay
33,BCA,Borehole,Depth,Generic Models,Object,N.A,Object,STR,IfcBuildingElementProxy,*BOREHOLE,SGPset_BuildingElementProxyDimension,Depth,Length,mm,N.A,N.A,14560,IfcBuildingElementProxyBOREHOLE,okay,BuildingElementProxy,BuildingElementProxy,okay
34,BCA,Borehole,Mark,Generic Models,Object,N.A,Object,STR,IfcBuildingElementProxy,*BOREHOLE,SGPset_BuildingElementProxyDimension,Mark,Label,N.A,N.A,N.A,BH1,IfcBuildingElementProxyBOREHOLE,okay,BuildingElementProxy,BuildingElementProxy,okay
35,BCA,Borehole,SHD Level SPT MoreThan 100N,Generic Models,Object,N.A,Object,STR,IfcBuildingElementProxy,*BOREHOLE,SGPset_BuildingElementProxyDimension,SHDLevel_SPT_MoreThan_100N,Real,SHD m,N.A,N.A,-27.5,IfcBuildingElementProxyBOREHOLE,okay,BuildingElementProxy,BuildingElementProxy,okay
36,BCA,Borehole,SHD Level SPT MoreThan 60N,Generic Models,Object,N.A,Object,STR,IfcBuildingElementProxy,*BOREHOLE,SGPset_BuildingElementProxyDimension,SHDLevel_SPT_MoreThan_60N,Real,SHD m,N.A,N.A,-15,IfcBuildingElementProxyBOREHOLE,okay,BuildingElementProxy,BuildingElementProxy,okay
37,BCA,Borehole,Termination Level,Generic Models,Object,N.A,Object,STR,IfcBuildingElementProxy,*BOREHOLE,SGPset_BuildingElementProxyDimension,TerminationLevel,Real,SHD m,N.A,N.A,-50.45,IfcBuildingElementProxyBOREHOLE,okay,BuildingElementProxy,BuildingElementProxy,okay
38,BCA,Borehole,Top Level,Generic Models,Object,N.A,Object,STR,IfcBuildingElementProxy,*BOREHOLE,SGPset_BuildingElementProxyDimension,TopLevel,Real,SHD m,N.A,N.A,1.8,IfcBuildingElementProxyBOREHOLE,okay,BuildingElementProxy,BuildingElementProxy,okay
39,SCDF,Breeching Inlet,Hose Nominal Diameter,Plumbing Fixtures,Pipe Flow Terminal,N.A,Equipment,MEP,IfcFireSuppressionTerminal,BREECHINGINLET,SGPset_FireSuppressionTerminal,Hose_NominalDiameter,Label,N.A,N.A,N.A,N.A,IfcFireSuppressionTerminalBREECHINGINLET,check,FireSuppressionTerminal,FireSuppressionTerminal,okay
40,SCDF,Breeching Inlet,ID,Plumbing Fixtures,Pipe Flow Terminal,N.A,Equipment,MEP,IfcFireSuppressionTerminal,BREECHINGINLET,SGPset_FireSuppressionTerminal,ID,Label,N.A,N.A,N.A,N.A,IfcFireSuppressionTerminalBREECHINGINLET,check,FireSuppressionTerminal,FireSuppressionTerminal,okay
41,SCDF,Breeching Inlet,System Name,Plumbing Fixtures,Pipe Flow Terminal,N.A,Equipment,MEP,IfcFireSuppressionTerminal,BREECHINGINLET,SGPset_FireSuppressionTerminal,SystemName,Label,N.A,N.A,N.A,N.A,IfcFireSuppressionTerminalBREECHINGINLET,check,FireSuppressionTerminal,FireSuppressionTerminal,okay
42,SCDF,Breeching Inlet,System Type,Plumbing Fixtures,Pipe Flow Terminal,N.A,Equipment,MEP,IfcFireSuppressionTerminal,BREECHINGINLET,SGPset_FireSuppressionTerminal,SystemType,Label,N.A,N.A,N.A,"Dry Riser, Wet Riser, Foam Sprinkler, Sprinkler",IfcFireSuppressionTerminalBREECHINGINLET,check,FireSuppressionTerminal,FireSuppressionTerminal,okay
43,URA,Building Storey,N.A,Levels,Storey,N.A,Floor,ARC,IfcBuildingStorey,N.A,N.A,N.A,N.A,N.A,N.A,N.A,N.A,IfcBuildingStoreyN.A,skip,BuildingStorey,#N/A,#N/A
44,SCDF,Ceiling,Fire Rating,Ceilings,Ceiling,N.A,Slab,ARC,IfcCovering,CEILING,Pset_CoveringCommon,FireRating,Label,hr,N.A,"0.5, 1, 1.5, 2, 2.5, 3, 3.5, 4",N.A,IfcCoveringCEILING,check,Covering,Covering,okay
45,SCDF,Ceiling,Material,Ceilings,Ceiling,N.A,Slab,ARC,IfcCovering,CEILING,SGPset_Material,Material,Label,N.A,Name,N.A,"Sand, Corey Dust, Granite Dust, Gravel, Crusher Run, Recycled Aggregates, Intumescent Paint, Steel, Timber, Engineered Timber, Concrete, Wood, Brick, Reinforced Concrete, MET, Galvanized Mild Steel Heavy Duty, Plastic, Plastered, Fair-Faced Brickwall, Samples of Concrete Elements",IfcCoveringCEILING,check,Covering,Material,check
46,BCA,Column,Arrangement Type,Structural Columns,Column,Concrete Column,Column,STR,IfcColumn,N.A,SGPset_PrecastConcreteElementGeneral,ArrangementType,Label,N.A,N.A,N.A,Multi-Tier,IfcColumnN.A,skip,Column,Precas,check
47,BCA,Column,Breadth,Structural Columns,Column,Concrete Column,Column,STR,IfcColumn,N.A,SGPset_ColumnDimension,Breadth,Length,mm,N.A,N.A,300,IfcColumnN.A,skip,Column,Column,okay
48,BCA,Column,Connection Details Bottom,Structural Columns,Column,Concrete Column,Column,STR,IfcColumn,N.A,SGPset_SteelConnection,ConnectionDetailsBottom,Label,N.A,N.A,N.A,Detail 1,IfcColumnN.A,skip,Column,SteelC,check
49,BCA,Column,Connection Details Top,Structural Columns,Column,Concrete Column,Column,STR,IfcColumn,N.A,SGPset_SteelConnection,ConnectionDetailsTop,Label,N.A,N.A,N.A,Detail 1,IfcColumnN.A,skip,Column,SteelC,check
50,BCA,Column,Connection Type Bottom,Structural Columns,Column,Concrete Column,Column,STR,IfcColumn,N.A,SGPset_SteelConnection,ConnectionTypeBottom,Label,N.A,N.A,"Pinned, Fixed, Free",N.A,IfcColumnN.A,skip,Column,SteelC,check
51,BCA,Column,Connection Type Top,Structural Columns,Column,Concrete Column,Column,STR,IfcColumn,N.A,SGPset_SteelConnection,ConnectionTypeTop,Label,N.A,N.A,"Pinned, Fixed, Free",N.A,IfcColumnN.A,skip,Column,SteelC,check
52,BCA,Column,Construction Method,Structural Columns,Column,Concrete Column,Column,STR,IfcColumn,N.A,SGPset_Column,ConstructionMethod,Label,N.A,N.A,"CIS, PC, PT (Pre), PT (Post), PF, PPVC, Spun",N.A,IfcColumnN.A,skip,Column,Column,okay
53,BCA,Column,Diameter,Structural Columns,Column,Concrete Column,Column,STR,IfcColumn,N.A,SGPset_ColumnDimension,Diameter,Length,mm,N.A,N.A,600,IfcColumnN.A,skip,Column,Column,okay
54,BCA,Column,End Storey,Structural Columns,Column,Concrete Column,Column,STR,IfcColumn,N.A,SGPset_ColumnDimension,EndStorey,Label,N.A,N.A,N.A,"2nd Storey, Roof Storey",IfcColumnN.A,skip,Column,Column,okay
55,BCA,Column,Main Rebar,Structural Columns,Column,Concrete Column,Column,STR,IfcColumn,N.A,SGPset_ColumnReinforcement,MainRebar,Label,N.A,N.A,N.A,6H32+6H25,IfcColumnN.A,skip,Column,Column,okay
56,BCA,Column,Mark,Structural Columns,Column,Concrete Column,Column,STR,IfcColumn,N.A,SGPset_ColumnDimension,Mark,Label,N.A,N.A,N.A,"TC1, C1",IfcColumnN.A,skip,Column,Column,okay
57,BCA,Column,Material Grade,Structural Columns,Column,Concrete Column,Column,STR,IfcColumn,N.A,SGPset_Material,MaterialGrade,Label,N.A,Name,"C12/15, C20/25, C30/37, C32/40, C35/45, C40/50, C50/60, C55/67, C60/75, C70/85, C80/95, S235, S275, S355, S460",N.A,IfcColumnN.A,skip,Column,Materi,check
58,BCA,Column,Mechanical Connection Type,Structural Columns,Column,Concrete Column,Column,STR,IfcColumn,N.A,SGPset_Column,MechanicalConnectionType,Label,N.A,N.A,"column shoes, grouted sleeves, spiral connector",N.A,IfcColumnN.A,skip,Column,Column,okay
59,BCA,Column,Member Section,Structural Columns,Column,Concrete Column,Column,STR,IfcColumn,N.A,SGPset_ColumnDimension,MemberSection,Label,N.A,N.A,N.A,"RHS600x30x4, CHS500x3.0, 254x254x63 kg/m",IfcColumnN.A,skip,Column,Column,okay
60,BCA,Column,Prefabricated Reinforcement Cage,Structural Columns,Column,Concrete Column,Column,STR,IfcColumn,N.A,SGPset_ColumnReinforcement,PrefabricatedReinforcementCage,Boolean,N.A,N.A,TRUE/FALSE,N.A,IfcColumnN.A,skip,Column,Column,okay
61,BCA,Column,ReferTo2DDetail,Structural Columns,Column,Concrete Column,Column,STR,IfcColumn,N.A,SGPset_Column,ReferTo2DDetail,Label,N.A,N.A,N.A,Dwg Number,IfcColumnN.A,skip,Column,Column,okay
62,BCA,Column,Reinforcement Steel Grade,Structural Columns,Column,Concrete Column,Column,STR,IfcColumn,N.A,SGPset_Column,ReinforcementSteelGrade,Label,N.A,N.A,"500A, 500B, 500C, 600A, 600B, 600C",N.A,IfcColumnN.A,skip,Column,Column,okay
63,BCA,Column,Section Fabrication Method,Structural Columns,Column,Concrete Column,Column,STR,IfcColumn,N.A,SGPset_Column,SectionFabricationMethod,Label,N.A,N.A,"Hot rolled, Cold formed",N.A,IfcColumnN.A,skip,Column,Column,okay
64,BCA,Column,Splice Detail,Structural Columns,Column,Concrete Column,Column,STR,IfcColumn,N.A,SGPset_SteelConnection,SpliceDetail,Label,N.A,N.A,N.A,Detail 3,IfcColumnN.A,skip,Column,SteelC,check
65,BCA,Column,Starting Storey,Structural Columns,Column,Concrete Column,Column,STR,IfcColumn,N.A,SGPset_ColumnDimension,StartingStorey,Label,N.A,N.A,N.A,"1st Storey, Lower Roof Storey",IfcColumnN.A,skip,Column,Column,okay
66,BCA,Column,Stirrups,Structural Columns,Column,Concrete Column,Column,STR,IfcColumn,N.A,SGPset_ColumnReinforcement,Stirrups,Label,N.A,N.A,N.A,4H13-300,IfcColumnN.A,skip,Column,Column,okay
67,BCA,Column,Stirrups Type,Structural Columns,Column,Concrete Column,Column,STR,IfcColumn,N.A,SGPset_ColumnReinforcement,StirrupsType,Label,N.A,N.A,"Normal, U, C, CL, Torsion",N.A,IfcColumnN.A,skip,Column,Column,okay
68,BCA,Column,Width,Structural Columns,Column,Concrete Column,Column,STR,IfcColumn,N.A,SGPset_ColumnDimension,Width,Length,mm,N.A,N.A,600,IfcColumnN.A,skip,Column,Column,okay
69,BCA,Column,Working Load DA1-1,Structural Columns,Column,Concrete Column,Column,STR,IfcColumn,N.A,SGPset_ColumnStructuralLoad,WorkingLoad_DA1-1,Integer,kN,N.A,N.A,1234,IfcColumnN.A,skip,Column,Column,okay
70,BCA,Column,Working Load DA1-2,Structural Columns,Column,Concrete Column,Column,STR,IfcColumn,N.A,SGPset_ColumnStructuralLoad,WorkingLoad_DA1-2,Integer,kN,N.A,N.A,1234,IfcColumnN.A,skip,Column,Column,okay
71,NEA,Control Element,Flushing,Electrical Equipment,Flow Equipment,N.A,Equipment,MEP,IfcUnitaryControlElement,CONTROLPANEL,SGPset_UnitaryControlElement,PWCS_Flushing,Boolean,N.A,N.A,TRUE/FALSE,N.A,IfcUnitaryControlElementCONTROLPANEL,check,UnitaryControlElement,UnitaryControlElement,okay
72,SCDF,Control Element,Purpose,Electrical Equipment,Flow Equipment,N.A,Equipment,MEP,IfcUnitaryControlElement,CONTROLPANEL,SGPset_UnitaryControlElement,Purpose,Label,N.A,N.A,N.A,"Main Panel, Sub Panel",IfcUnitaryControlElementCONTROLPANEL,check,UnitaryControlElement,UnitaryControlElement,okay
73,All,Culvert/ Drains,N.A,Generic Models,Object,"Slab, Panel",Drains&Basins,MEP,IfcCivilElement,*COMMONDRAIN,Please refer to property sets below,Please refer to properties below,N.A,N.A,N.A,N.A,N.A,IfcCivilElementCOMMONDRAIN,skip,CivilElement,#N/A,#N/A
74,All,Culvert/ Drains,N.A,Generic Models,Object,"Slab, Panel",Drains&Basins,MEP,IfcCivilElement,*CROSSCULVERT,Please refer to property sets below,Please refer to properties below,N.A,N.A,N.A,N.A,N.A,IfcCivilElementCROSSCULVERT,skip,CivilElement,#N/A,#N/A
75,All,Culvert/ Drains,N.A,Generic Models,Object,"Slab, Panel",Drains&Basins,MEP,IfcCivilElement,*CULVERT,Please refer to property sets below,Please refer to properties below,N.A,N.A,N.A,N.A,N.A,IfcCivilElementCULVERT,skip,CivilElement,#N/A,#N/A
76,All,Culvert/ Drains,N.A,Generic Models,Object,"Slab, Panel",Drains&Basins,MEP,IfcCivilElement,*ENTRANCECULVERT,Please refer to property sets below,Please refer to properties below,N.A,N.A,N.A,N.A,N.A,IfcCivilElementENTRANCECULVERT,skip,CivilElement,#N/A,#N/A
77,All,Culvert/ Drains,N.A,Generic Models,Object,"Slab, Panel",Drains&Basins,MEP,IfcCivilElement,*EXTERNALDRAIN,Please refer to property sets below,Please refer to properties below,N.A,N.A,N.A,N.A,N.A,IfcCivilElementEXTERNALDRAIN,skip,CivilElement,#N/A,#N/A
78,All,Culvert/ Drains,N.A,Generic Models,Object,"Slab, Panel",Drains&Basins,MEP,IfcCivilElement,*INTERNALDRAIN,Please refer to property sets below,Please refer to properties below,N.A,N.A,N.A,N.A,N.A,IfcCivilElementINTERNALDRAIN,skip,CivilElement,#N/A,#N/A
79,All,Culvert/ Drains,N.A,Generic Models,Object,"Slab, Panel",Drains&Basins,MEP,IfcCivilElement,*OUTLETDRAIN,Please refer to property sets below,Please refer to properties below,N.A,N.A,N.A,N.A,N.A,IfcCivilElementOUTLETDRAIN,skip,CivilElement,#N/A,#N/A
80,All,Culvert/ Drains,N.A,Generic Models,Object,"Slab, Panel",Drains&Basins,MEP,IfcCivilElement,*ROADSIDEDRAIN,Please refer to property sets below,Please refer to properties below,N.A,N.A,N.A,N.A,N.A,IfcCivilElementROADSIDEDRAIN,skip,CivilElement,#N/A,#N/A
81,All,Culvert/ Drains,N.A,Generic Models,Object,"Slab, Panel",Drains&Basins,MEP,IfcCivilElement,*TRENCH,Please refer to property sets below,Please refer to properties below,N.A,N.A,N.A,N.A,N.A,IfcCivilElementTRENCH,skip,CivilElement,#N/A,#N/A
82,PUB,Culvert/ Drains,Diameter,Generic Models,Object,"Slab, Panel",Drains&Basins,MEP,IfcCivilElement,"*COMMONDRAIN, *CROSSCULVERT, *CULVERT, *ENTRANCECULVERT, *EXTERNALDRAIN, *INTERNALDRAIN, *OUTLETDRAIN, *ROADSIDEDRAIN, TRENCH",SGPset_CivilElementDimension,Diameter,Length,mm,N.A,N.A,N.A,"IfcCivilElementCOMMONDRAIN, *CROSSCULVERT, *CULVERT, *ENTRANCECULVERT, *EXTERNALDRAIN, *INTERNALDRAIN, *OUTLETDRAIN, *ROADSIDEDRAIN, TRENCH",skip,CivilElement,CivilElement,okay
83,PUB,Culvert/ Drains,Gradient,Generic Models,Object,"Slab, Panel",Drains&Basins,MEP,IfcCivilElement,"*COMMONDRAIN, *CROSSCULVERT, *CULVERT, *ENTRANCECULVERT, *EXTERNALDRAIN, *INTERNALDRAIN, *OUTLETDRAIN, *ROADSIDEDRAIN, TRENCH",SGPset_CivilElementDimension,Gradient,Label,N.A,N.A,N.A,1:100,"IfcCivilElementCOMMONDRAIN, *CROSSCULVERT, *CULVERT, *ENTRANCECULVERT, *EXTERNALDRAIN, *INTERNALDRAIN, *OUTLETDRAIN, *ROADSIDEDRAIN, TRENCH",skip,CivilElement,CivilElement,okay
84,PUB,Culvert/ Drains,Height,Generic Models,Object,"Slab, Panel",Drains&Basins,MEP,IfcCivilElement,"*COMMONDRAIN, *CROSSCULVERT, *CULVERT, *ENTRANCECULVERT, *EXTERNALDRAIN, *INTERNALDRAIN, *OUTLETDRAIN, *ROADSIDEDRAIN, TRENCH",SGPset_CivilElementDimension,Height,Length,mm,N.A,N.A,N.A,"IfcCivilElementCOMMONDRAIN, *CROSSCULVERT, *CULVERT, *ENTRANCECULVERT, *EXTERNALDRAIN, *INTERNALDRAIN, *OUTLETDRAIN, *ROADSIDEDRAIN, TRENCH",skip,CivilElement,CivilElement,okay
85,PUB,Culvert/ Drains,Length,Generic Models,Object,"Slab, Panel",Drains&Basins,MEP,IfcCivilElement,"*COMMONDRAIN, *CROSSCULVERT, *CULVERT, *ENTRANCECULVERT, *EXTERNALDRAIN, *INTERNALDRAIN, *OUTLETDRAIN, *ROADSIDEDRAIN, TRENCH",SGPset_CivilElementDimension,Length,Length,mm,N.A,N.A,N.A,"IfcCivilElementCOMMONDRAIN, *CROSSCULVERT, *CULVERT, *ENTRANCECULVERT, *EXTERNALDRAIN, *INTERNALDRAIN, *OUTLETDRAIN, *ROADSIDEDRAIN, TRENCH",skip,CivilElement,CivilElement,okay
86,LTA,Culvert/ Drains,Load Bearing,Generic Models,Object,"Slab, Panel",Drains&Basins,STR,IfcCivilElement,"*COMMONDRAIN, *CROSSCULVERT, *CULVERT, *ENTRANCECULVERT, *EXTERNALDRAIN, *INTERNALDRAIN, *OUTLETDRAIN, *ROADSIDEDRAIN, TRENCH",SGPset_CivilElement,LoadBearing,Boolean,N.A,N.A,TRUE/FALSE,N.A,"IfcCivilElementCOMMONDRAIN, *CROSSCULVERT, *CULVERT, *ENTRANCECULVERT, *EXTERNALDRAIN, *INTERNALDRAIN, *OUTLETDRAIN, *ROADSIDEDRAIN, TRENCH",skip,CivilElement,CivilElement,okay
87,PUB,Culvert/ Drains,Material,Generic Models,Object,"Slab, Panel",Drains&Basins,MEP,IfcCivilElement,"*COMMONDRAIN, *CROSSCULVERT, *CULVERT, *ENTRANCECULVERT, *EXTERNALDRAIN, *INTERNALDRAIN, *OUTLETDRAIN, *ROADSIDEDRAIN, TRENCH",SGPset_Material,Material,Label,N.A,Name,N.A,N.A,"IfcCivilElementCOMMONDRAIN, *CROSSCULVERT, *CULVERT, *ENTRANCECULVERT, *EXTERNALDRAIN, *INTERNALDRAIN, *OUTLETDRAIN, *ROADSIDEDRAIN, TRENCH",skip,CivilElement,Material,check
88,PUB,Culvert/ Drains,System Name,Generic Models,Object,"Slab, Panel",Drains&Basins,MEP,IfcCivilElement,"*COMMONDRAIN, *CROSSCULVERT, *CULVERT, *ENTRANCECULVERT, *EXTERNALDRAIN, *INTERNALDRAIN, *OUTLETDRAIN, *ROADSIDEDRAIN, TRENCH",SGPset_CivilElement,SystemName,Label,N.A,N.A,N.A,N.A,"IfcCivilElementCOMMONDRAIN, *CROSSCULVERT, *CULVERT, *ENTRANCECULVERT, *EXTERNALDRAIN, *INTERNALDRAIN, *OUTLETDRAIN, *ROADSIDEDRAIN, TRENCH",skip,CivilElement,CivilElement,okay
89,PUB,Culvert/ Drains,System Type,Generic Models,Object,"Slab, Panel",Drains&Basins,MEP,IfcCivilElement,"*COMMONDRAIN, *CROSSCULVERT, *CULVERT, *ENTRANCECULVERT, *EXTERNALDRAIN, *INTERNALDRAIN, *OUTLETDRAIN, *ROADSIDEDRAIN, TRENCH",SGPset_CivilElement,SystemType,Label,N.A,N.A,N.A,"Rainwater, Drainage","IfcCivilElementCOMMONDRAIN, *CROSSCULVERT, *CULVERT, *ENTRANCECULVERT, *EXTERNALDRAIN, *INTERNALDRAIN, *OUTLETDRAIN, *ROADSIDEDRAIN, TRENCH",skip,CivilElement,CivilElement,okay
90,PUB,Culvert/ Drains,Thickness,Generic Models,Object,"Slab, Panel",Drains&Basins,MEP,IfcCivilElement,"*COMMONDRAIN, *CROSSCULVERT, *CULVERT, *ENTRANCECULVERT, *EXTERNALDRAIN, *INTERNALDRAIN, *OUTLETDRAIN, *ROADSIDEDRAIN, TRENCH",SGPset_CivilElementDimension,Thickness,Length,mm,N.A,N.A,N.A,"IfcCivilElementCOMMONDRAIN, *CROSSCULVERT, *CULVERT, *ENTRANCECULVERT, *EXTERNALDRAIN, *INTERNALDRAIN, *OUTLETDRAIN, *ROADSIDEDRAIN, TRENCH",skip,CivilElement,CivilElement,okay
91,PUB,Culvert/ Drains,Width,Generic Models,Object,"Slab, Panel",Drains&Basins,MEP,IfcCivilElement,"*COMMONDRAIN, *CROSSCULVERT, *CULVERT, *ENTRANCECULVERT, *EXTERNALDRAIN, *INTERNALDRAIN, *OUTLETDRAIN, *ROADSIDEDRAIN, TRENCH",SGPset_CivilElementDimension,Width,Length,mm,N.A,N.A,N.A,"IfcCivilElementCOMMONDRAIN, *CROSSCULVERT, *CULVERT, *ENTRANCECULVERT, *EXTERNALDRAIN, *INTERNALDRAIN, *OUTLETDRAIN, *ROADSIDEDRAIN, TRENCH",skip,CivilElement,CivilElement,okay
92,PUB,Culvert/ Drains,N.A,Generic Models,Object,"Slab, Panel",Drains&Basins,MEP,IfcBuildingElementProxy,*DROPINLETCHAMBER,N.A,N.A,N.A,N.A,N.A,N.A,N.A,IfcBuildingElementProxyDROPINLETCHAMBER,okay,BuildingElementProxy,#N/A,#N/A
93,URA,Curtain Wall,N.A,Curtain Systems,Curtain Wall,N.A,Curtain Wall,ARC,IfcCurtainWall,N.A,N.A,N.A,N.A,N.A,N.A,N.A,N.A,IfcCurtainWallN.A,skip,CurtainWall,#N/A,#N/A
94,SCDF,Damper,Fire Rating,Duct Accessories,Object,N.A,Object,MEP,IfcDamper,SMOKEDAMPER,SGPset_Damper,FireRating,Label,hr,N.A,"0.5, 1, 1.5, 2, 2.5, 3, 3.5, 4",N.A,IfcDamperSMOKEDAMPER,check,Damper,Damper,okay
95,SCDF,Damper,Fire Rating,Duct Accessories,Object,N.A,Object,MEP,IfcDamper,FIRESMOKEDAMPER,SGPset_Damper,FireRating,Label,hr,N.A,"0.5, 1, 1.5, 2, 2.5, 3, 3.5, 4",N.A,IfcDamperFIRESMOKEDAMPER,check,Damper,Damper,okay
96,SCDF,Damper,Fire Rating,Duct Accessories,Object,N.A,Object,MEP,IfcDamper,FIREDAMPER,SGPset_Damper,FireRating,Label,hr,N.A,"0.5, 1, 1.5, 2, 2.5, 3, 3.5, 4",N.A,IfcDamperFIREDAMPER,check,Damper,Damper,okay
97,PUB,Distribution Chamber,N.A,Plumbing Fixtures,Flow Equipment,N.A,Equipment,MEP,IfcDistributionChamberElement,INSPECTIONCHAMBER,Please refer to property sets below,Please refer to properties below,N.A,N.A,N.A,N.A,N.A,IfcDistributionChamberElementINSPECTIONCHAMBER,check,DistributionChamberElement,#N/A,#N/A
98,PUB,Distribution Chamber,N.A,Plumbing Fixtures,Flow Equipment,N.A,Equipment,MEP,IfcDistributionChamberElement,MANHOLE,Please refer to property sets below,Please refer to properties below,N.A,N.A,N.A,N.A,N.A,IfcDistributionChamberElementMANHOLE,check,DistributionChamberElement,#N/A,#N/A
99,PUB,Distribution Chamber,N.A,Plumbing Fixtures,Flow Equipment,N.A,Equipment,MEP,IfcDistributionChamberElement,METERCHAMBER,Please refer to property sets below,Please refer to properties below,N.A,N.A,N.A,N.A,N.A,IfcDistributionChamberElementMETERCHAMBER,check,DistributionChamberElement,#N/A,#N/A
100,NEA,Distribution Chamber,N.A,Plumbing Fixtures,Flow Equipment,N.A,Equipment,MEP,IfcDistributionChamberElement,*PWCSINSPECTIONCHAMBER,Please refer to property sets below,Please refer to properties below,N.A,N.A,N.A,N.A,N.A,IfcDistributionChamberElementPWCSINSPECTIONCHAMBER,okay,DistributionChamberElement,#N/A,#N/A
101,NEA,Distribution Chamber,N.A,Plumbing Fixtures,Flow Equipment,N.A,Equipment,MEP,IfcDistributionChamberElement,*PWCSMANHOLE,Please refer to property sets below,Please refer to properties below,N.A,N.A,N.A,N.A,N.A,IfcDistributionChamberElementPWCSMANHOLE,okay,DistributionChamberElement,#N/A,#N/A
102,PUB,Distribution Chamber,N.A,Plumbing Fixtures,Flow Equipment,N.A,Equipment,MEP,IfcDistributionChamberElement,*SCREENCHAMBER,Please refer to property sets below,Please refer to properties below,N.A,N.A,N.A,N.A,N.A,IfcDistributionChamberElementSCREENCHAMBER,okay,DistributionChamberElement,#N/A,#N/A
103,NEA,Distribution Chamber,N.A,Plumbing Fixtures,Flow Equipment,N.A,Equipment,MEP,IfcDistributionChamberElement,*SAMPLINGSUMP,Please refer to property sets below,Please refer to properties below,N.A,N.A,N.A,N.A,N.A,IfcDistributionChamberElementSAMPLINGSUMP,okay,DistributionChamberElement,#N/A,#N/A
104,All,Distribution Chamber,N.A,Plumbing Fixtures,Flow Equipment,N.A,Equipment,MEP,IfcDistributionChamberElement,SUMP,Please refer to property sets below,Please refer to properties below,N.A,N.A,N.A,N.A,N.A,IfcDistributionChamberElementSUMP,check,DistributionChamberElement,#N/A,#N/A
105,PUB,Distribution Chamber,N.A,Plumbing Fixtures,Flow Equipment,N.A,Equipment,MEP,IfcDistributionChamberElement,TRENCH,Please refer to property sets below,Please refer to properties below,N.A,N.A,N.A,N.A,N.A,IfcDistributionChamberElementTRENCH,check,DistributionChamberElement,#N/A,#N/A
106,PUB,Distribution Chamber,Depth,Plumbing Fixtures,Flow Equipment,N.A,Equipment,MEP,IfcDistributionChamberElement,"INSPECTIONCHAMBER, MANHOLE, METERCHAMBER, *PWCSINSPECTIONCHAMBER, *PWCSMANHOLE, *SCREENCHAMBER, *SAMPLINGSUMP, SUMP, TRENCH",SGPset_DistributionChamberElementDimension,Depth,Length,mm,N.A,N.A,N.A,"IfcDistributionChamberElementINSPECTIONCHAMBER, MANHOLE, METERCHAMBER, *PWCSINSPECTIONCHAMBER, *PWCSMANHOLE, *SCREENCHAMBER, *SAMPLINGSUMP, SUMP, TRENCH",skip,DistributionChamberElement,DistributionChamberElement,okay
107,PUB,Distribution Chamber,Diameter,Plumbing Fixtures,Flow Equipment,N.A,Equipment,MEP,IfcDistributionChamberElement,"INSPECTIONCHAMBER, MANHOLE, METERCHAMBER, *PWCSINSPECTIONCHAMBER, *PWCSMANHOLE, *SCREENCHAMBER, *SAMPLINGSUMP, SUMP, TRENCH",SGPset_DistributionChamberElementDimension,Diameter,Length,mm,N.A,N.A,N.A,"IfcDistributionChamberElementINSPECTIONCHAMBER, MANHOLE, METERCHAMBER, *PWCSINSPECTIONCHAMBER, *PWCSMANHOLE, *SCREENCHAMBER, *SAMPLINGSUMP, SUMP, TRENCH",skip,DistributionChamberElement,DistributionChamberElement,okay
108,PUB,Distribution Chamber,Height,Plumbing Fixtures,Flow Equipment,N.A,Equipment,MEP,IfcDistributionChamberElement,"INSPECTIONCHAMBER, MANHOLE, METERCHAMBER, *PWCSINSPECTIONCHAMBER, *PWCSMANHOLE, *SCREENCHAMBER, *SAMPLINGSUMP, SUMP, TRENCH",SGPset_DistributionChamberElementDimension,Height,Length,mm,N.A,N.A,N.A,"IfcDistributionChamberElementINSPECTIONCHAMBER, MANHOLE, METERCHAMBER, *PWCSINSPECTIONCHAMBER, *PWCSMANHOLE, *SCREENCHAMBER, *SAMPLINGSUMP, SUMP, TRENCH",skip,DistributionChamberElement,DistributionChamberElement,okay
109,PUB,Distribution Chamber,ID,Plumbing Fixtures,Flow Equipment,N.A,Equipment,MEP,IfcDistributionChamberElement,"INSPECTIONCHAMBER, MANHOLE, METERCHAMBER, *PWCSINSPECTIONCHAMBER, *PWCSMANHOLE, *SCREENCHAMBER, *SAMPLINGSUMP, SUMP, TRENCH",SGPset_DistributionChamberElement,ID,Label,N.A,N.A,N.A,N.A,"IfcDistributionChamberElementINSPECTIONCHAMBER, MANHOLE, METERCHAMBER, *PWCSINSPECTIONCHAMBER, *PWCSMANHOLE, *SCREENCHAMBER, *SAMPLINGSUMP, SUMP, TRENCH",skip,DistributionChamberElement,DistributionChamberElement,okay
110,PUB,Distribution Chamber,Invert Level,Plumbing Fixtures,Flow Equipment,N.A,Equipment,MEP,IfcDistributionChamberElement,"INSPECTIONCHAMBER, MANHOLE, METERCHAMBER, *PWCSINSPECTIONCHAMBER, *PWCSMANHOLE, *SCREENCHAMBER, *SAMPLINGSUMP, SUMP, TRENCH",SGPset_DistributionChamberElementDimension,InvertLevel,Real,SHD m,N.A,N.A,N.A,"IfcDistributionChamberElementINSPECTIONCHAMBER, MANHOLE, METERCHAMBER, *PWCSINSPECTIONCHAMBER, *PWCSMANHOLE, *SCREENCHAMBER, *SAMPLINGSUMP, SUMP, TRENCH",skip,DistributionChamberElement,DistributionChamberElement,okay
111,PUB,Distribution Chamber,Length,Plumbing Fixtures,Flow Equipment,N.A,Equipment,MEP,IfcDistributionChamberElement,"INSPECTIONCHAMBER, MANHOLE, METERCHAMBER, *PWCSINSPECTIONCHAMBER, *PWCSMANHOLE, *SCREENCHAMBER, *SAMPLINGSUMP, SUMP, TRENCH",SGPset_DistributionChamberElementDimension,Length,Length,mm,N.A,N.A,N.A,"IfcDistributionChamberElementINSPECTIONCHAMBER, MANHOLE, METERCHAMBER, *PWCSINSPECTIONCHAMBER, *PWCSMANHOLE, *SCREENCHAMBER, *SAMPLINGSUMP, SUMP, TRENCH",skip,DistributionChamberElement,DistributionChamberElement,okay
112,PUB,Distribution Chamber,Material,Plumbing Fixtures,Flow Equipment,N.A,Equipment,MEP,IfcDistributionChamberElement,"INSPECTIONCHAMBER, MANHOLE, METERCHAMBER, *PWCSINSPECTIONCHAMBER, *PWCSMANHOLE, *SCREENCHAMBER, *SAMPLINGSUMP, SUMP, TRENCH",SGPset_Material,Material,Label,N.A,Name,N.A,N.A,"IfcDistributionChamberElementINSPECTIONCHAMBER, MANHOLE, METERCHAMBER, *PWCSINSPECTIONCHAMBER, *PWCSMANHOLE, *SCREENCHAMBER, *SAMPLINGSUMP, SUMP, TRENCH",skip,DistributionChamberElement,Material,check
113,PUB,Distribution Chamber,Status,Plumbing Fixtures,Flow Equipment,N.A,Equipment,MEP,IfcDistributionChamberElement,"INSPECTIONCHAMBER, MANHOLE, METERCHAMBER, *PWCSINSPECTIONCHAMBER, *PWCSMANHOLE, *SCREENCHAMBER, *SAMPLINGSUMP, SUMP, TRENCH",SGPset_DistributionChamberElement,Status,Label,N.A,N.A,"Existing, Proposed, To Be Removed, Abandoned, New, Temporary, Demolished",N.A,"IfcDistributionChamberElementINSPECTIONCHAMBER, MANHOLE, METERCHAMBER, *PWCSINSPECTIONCHAMBER, *PWCSMANHOLE, *SCREENCHAMBER, *SAMPLINGSUMP, SUMP, TRENCH",skip,DistributionChamberElement,DistributionChamberElement,okay
114,PUB,Distribution Chamber,System Name,Plumbing Fixtures,Flow Equipment,N.A,Equipment,MEP,IfcDistributionChamberElement,"INSPECTIONCHAMBER, MANHOLE, METERCHAMBER, *PWCSINSPECTIONCHAMBER, *PWCSMANHOLE, *SCREENCHAMBER, *SAMPLINGSUMP, SUMP, TRENCH",SGPset_DistributionChamberElement,SystemName,Label,N.A,N.A,N.A,N.A,"IfcDistributionChamberElementINSPECTIONCHAMBER, MANHOLE, METERCHAMBER, *PWCSINSPECTIONCHAMBER, *PWCSMANHOLE, *SCREENCHAMBER, *SAMPLINGSUMP, SUMP, TRENCH",skip,DistributionChamberElement,DistributionChamberElement,okay
115,PUB,Distribution Chamber,System Type,Plumbing Fixtures,Flow Equipment,N.A,Equipment,MEP,IfcDistributionChamberElement,"INSPECTIONCHAMBER, MANHOLE, METERCHAMBER, *PWCSINSPECTIONCHAMBER, *PWCSMANHOLE, *SCREENCHAMBER, *SAMPLINGSUMP, SUMP, TRENCH",SGPset_DistributionChamberElement,SystemType,Label,N.A,N.A,N.A,N.A,"IfcDistributionChamberElementINSPECTIONCHAMBER, MANHOLE, METERCHAMBER, *PWCSINSPECTIONCHAMBER, *PWCSMANHOLE, *SCREENCHAMBER, *SAMPLINGSUMP, SUMP, TRENCH",skip,DistributionChamberElement,DistributionChamberElement,okay
116,PUB,Distribution Chamber,Top Level,Plumbing Fixtures,Flow Equipment,N.A,Equipment,MEP,IfcDistributionChamberElement,"INSPECTIONCHAMBER, MANHOLE, METERCHAMBER, *PWCSINSPECTIONCHAMBER, *PWCSMANHOLE, *SCREENCHAMBER, *SAMPLINGSUMP, SUMP, TRENCH",SGPset_DistributionChamberElementDimension,TopLevel,Real,SHD m,N.A,N.A,"-50, 3.423","IfcDistributionChamberElementINSPECTIONCHAMBER, MANHOLE, METERCHAMBER, *PWCSINSPECTIONCHAMBER, *PWCSMANHOLE, *SCREENCHAMBER, *SAMPLINGSUMP, SUMP, TRENCH",skip,DistributionChamberElement,DistributionChamberElement,okay
117,PUB,Distribution Chamber,Trade Effluent,Plumbing Fixtures,Flow Equipment,N.A,Equipment,MEP,IfcDistributionChamberElement,"INSPECTIONCHAMBER, MANHOLE, METERCHAMBER, *PWCSINSPECTIONCHAMBER, *PWCSMANHOLE, *SCREENCHAMBER, *SAMPLINGSUMP, SUMP, TRENCH",SGPset_DistributionChamberElement,TradeEffluent,Boolean,N.A,N.A,TRUE/FALSE,N.A,"IfcDistributionChamberElementINSPECTIONCHAMBER, MANHOLE, METERCHAMBER, *PWCSINSPECTIONCHAMBER, *PWCSMANHOLE, *SCREENCHAMBER, *SAMPLINGSUMP, SUMP, TRENCH",skip,DistributionChamberElement,DistributionChamberElement,okay
118,PUB,Distribution Chamber,Width,Plumbing Fixtures,Flow Equipment,N.A,Equipment,MEP,IfcDistributionChamberElement,"INSPECTIONCHAMBER, MANHOLE, METERCHAMBER, *PWCSINSPECTIONCHAMBER, *PWCSMANHOLE, *SCREENCHAMBER, *SAMPLINGSUMP, SUMP, TRENCH",SGPset_DistributionChamberElementDimension,Width,Length,mm,N.A,N.A,N.A,"IfcDistributionChamberElementINSPECTIONCHAMBER, MANHOLE, METERCHAMBER, *PWCSINSPECTIONCHAMBER, *PWCSMANHOLE, *SCREENCHAMBER, *SAMPLINGSUMP, SUMP, TRENCH",skip,DistributionChamberElement,DistributionChamberElement,okay
119,NEA,Distribution Chamber,External Reference,Generic Models,Covering,N.A,Slab,ARC,IfcCovering,*PWCSINSPECTIONCHAMBERCOVER,SGPset_Covering,ExternalReference,Label,N.A,N.A,N.A,SS 30 Manhole Tops and Surface-box Tops,IfcCoveringPWCSINSPECTIONCHAMBERCOVER,okay,Covering,Covering,okay
120,NEA,Distribution Chamber,Watertight,Generic Models,Covering,N.A,Slab,ARC,IfcCovering,*PWCSINSPECTIONCHAMBERCOVER,SGPset_Covering,Watertight,Boolean,N.A,N.A,TRUE/FALSE,N.A,IfcCoveringPWCSINSPECTIONCHAMBERCOVER,okay,Covering,Covering,okay
121,NEA,Distribution Chamber,External Reference,Generic Models,Covering,N.A,Slab,ARC,IfcCovering,*PWCSMANHOLECOVER,SGPset_Covering,ExternalReference,Label,N.A,N.A,N.A,SS 30 Manhole Tops and Surface-box Tops,IfcCoveringPWCSMANHOLECOVER,okay,Covering,Covering,okay
122,NEA,Distribution Chamber,Watertight,Generic Models,Covering,N.A,Slab,ARC,IfcCovering,*PWCSMANHOLECOVER,SGPset_Covering,Watertight,Boolean,N.A,N.A,TRUE/FALSE,N.A,IfcCoveringPWCSMANHOLECOVER,okay,Covering,Covering,okay
123,SCDF,Door,N.A,Doors,Door,N.A,Door,ARC,IfcDoor,*BLASTDOOR,Please refer to property sets below,Please refer to properties below,N.A,N.A,N.A,N.A,N.A,IfcDoorBLASTDOOR,okay,Door,#N/A,#N/A
124,SCDF,Door,N.A,Doors,Door,N.A,Door,ARC,IfcDoor,DOOR,Please refer to property sets below,Please refer to properties below,N.A,N.A,N.A,N.A,N.A,IfcDoorDOOR,check,Door,#N/A,#N/A
125,SCDF,Door,N.A,Doors,Door,N.A,Door,ARC,IfcDoor,GATE,Please refer to property sets below,Please refer to properties below,N.A,N.A,N.A,N.A,N.A,IfcDoorGATE,check,Door,#N/A,#N/A
126,SCDF,Door,N.A,Doors,Door,N.A,Door,ARC,IfcDoor,*ROLLERSHUTTER,Please refer to property sets below,Please refer to properties below,N.A,N.A,N.A,N.A,N.A,IfcDoorROLLERSHUTTER,okay,Door,#N/A,#N/A
127,SCDF,Door,Clear Height,Doors,Door,N.A,Door,ARC,IfcDoor,"DOOR, GATE, *BLASTDOOR, *ROLLERSHUTTER",SGPset_DoorDimension,ClearHeight,Length,mm,N.A,N.A,N.A,"IfcDoorDOOR, GATE, *BLASTDOOR, *ROLLERSHUTTER",skip,Door,Door,okay
128,SCDF,Door,Clear Width,Doors,Door,N.A,Door,ARC,IfcDoor,"DOOR, GATE, *BLASTDOOR, *ROLLERSHUTTER",SGPset_DoorDimension,ClearWidth,Length,mm,N.A,N.A,1200,"IfcDoorDOOR, GATE, *BLASTDOOR, *ROLLERSHUTTER",skip,Door,Door,okay
129,SCDF,Door,Fire Access Opening,Doors,Door,N.A,Door,ARC,IfcDoor,"DOOR, GATE, *BLASTDOOR, *ROLLERSHUTTER",SGPset_Door,FireAccessOpening,Boolean,N.A,N.A,TRUE/FALSE,N.A,"IfcDoorDOOR, GATE, *BLASTDOOR, *ROLLERSHUTTER",skip,Door,Door,okay
130,SCDF,Door,Fire Exit,Doors,Door,N.A,Door,ARC,IfcDoor,"DOOR, GATE, *BLASTDOOR, *ROLLERSHUTTER",Pset_DoorCommon,FireExit,Boolean,N.A,N.A,TRUE/FALSE,N.A,"IfcDoorDOOR, GATE, *BLASTDOOR, *ROLLERSHUTTER",skip,Door,Door,okay
131,SCDF,Door,Fire Rating,Doors,Door,N.A,Door,ARC,IfcDoor,"DOOR, GATE, *BLASTDOOR, *ROLLERSHUTTER",Pset_DoorCommon,FireRating,Label,hr,N.A,"0.5, 1, 1.5, 2, 2.5, 3, 3.5, 4",N.A,"IfcDoorDOOR, GATE, *BLASTDOOR, *ROLLERSHUTTER",skip,Door,Door,okay
132,NEA,Door,Main Entrance,Doors,Door,N.A,Door,ARC,IfcDoor,"DOOR, GATE, *BLASTDOOR, *ROLLERSHUTTER",SGPset_Door,MainEntrance,Boolean,N.A,N.A,TRUE/FALSE,N.A,"IfcDoorDOOR, GATE, *BLASTDOOR, *ROLLERSHUTTER",skip,Door,Door,okay
133,SCDF,Door,Material,Doors,Door,N.A,Door,ARC,IfcDoor,"DOOR, GATE, *BLASTDOOR, *ROLLERSHUTTER",SGPset_Material,Material,Label,N.A,Name,N.A,N.A,"IfcDoorDOOR, GATE, *BLASTDOOR, *ROLLERSHUTTER",skip,Door,Mate,check
134,SCDF,Door,One Way Locking Device,Doors,Door,N.A,Door,ARC,IfcDoor,"DOOR, GATE, *BLASTDOOR, *ROLLERSHUTTER",SGPset_Door,OneWayLockingDevice,Boolean,N.A,N.A,TRUE/FALSE,N.A,"IfcDoorDOOR, GATE, *BLASTDOOR, *ROLLERSHUTTER",skip,Door,Door,okay
135,SCDF,Door,Operation Type,Doors,Door,N.A,Door,ARC,IfcDoor,"DOOR, GATE, *BLASTDOOR, *ROLLERSHUTTER",SGPset_Door,OperationType,Label,N.A,N.A,N.A,N.A,"IfcDoorDOOR, GATE, *BLASTDOOR, *ROLLERSHUTTER",skip,Door,Door,okay
136,BCA,Door,Overall Width,Doors,Door,N.A,Door,ARC,IfcDoor,"DOOR, GATE, *BLASTDOOR, *ROLLERSHUTTER",SGPset_DoorDimension,OverallWidth,Length,mm,N.A,N.A,N.A,"IfcDoorDOOR, GATE, *BLASTDOOR, *ROLLERSHUTTER",skip,Door,Door,okay
137,BCA,Door,PowerOperated,Doors,Door,N.A,Door,ARC,IfcDoor,"DOOR, GATE, *BLASTDOOR, *ROLLERSHUTTER",SGPset_Door,PowerOperated,Boolean,N.A,N.A,TRUE/FALSE,N.A,"IfcDoorDOOR, GATE, *BLASTDOOR, *ROLLERSHUTTER",skip,Door,Door,okay
138,SCDF,Door,Self Closing,Doors,Door,N.A,Door,ARC,IfcDoor,"DOOR, GATE, *BLASTDOOR, *ROLLERSHUTTER",SGPset_Door,SelfClosing,Boolean,N.A,N.A,TRUE/FALSE,N.A,"IfcDoorDOOR, GATE, *BLASTDOOR, *ROLLERSHUTTER",skip,Door,Door,okay
139,BCA,Door,Structural Height,Doors,Door,N.A,Door,ARC,IfcDoor,"DOOR, GATE, *BLASTDOOR, *ROLLERSHUTTER",SGPset_DoorDimension,StructuralHeight,Length,mm,N.A,N.A,710,"IfcDoorDOOR, GATE, *BLASTDOOR, *ROLLERSHUTTER",skip,Door,Door,okay
140,BCA,Door,Structural Width,Doors,Door,N.A,Door,ARC,IfcDoor,"DOOR, GATE, *BLASTDOOR, *ROLLERSHUTTER",SGPset_DoorDimension,StructuralWidth,Length,mm,N.A,N.A,490,"IfcDoorDOOR, GATE, *BLASTDOOR, *ROLLERSHUTTER",skip,Door,Door,okay
141,BCA,Door,Thickness,Doors,Door,N.A,Door,ARC,IfcDoor,"DOOR, GATE, *BLASTDOOR, *ROLLERSHUTTER",SGPset_DoorDimension,Thickness,Length,mm,N.A,N.A,N.A,"IfcDoorDOOR, GATE, *BLASTDOOR, *ROLLERSHUTTER",skip,Door,Door,okay
142,BCA,Door,Vision Panel,Doors,Door,N.A,Door,ARC,IfcDoor,"DOOR, GATE, *BLASTDOOR, *ROLLERSHUTTER",SGPset_Door,VisionPanel,Boolean,N.A,N.A,TRUE/FALSE,N.A,"IfcDoorDOOR, GATE, *BLASTDOOR, *ROLLERSHUTTER",skip,Door,Door,okay
143,URA,Earthworks,Area,Toposolid,Mesh,N.A,Mesh,ARC,IfcGeographicElement,TERRAIN,SGPset_GeographicElementDimension,Area,Area,m2,N.A,N.A,N.A,IfcGeographicElementTERRAIN,check,GeographicElement,GeographicElement,okay
144,URA,Earthworks,Status,Toposolid,Mesh,N.A,Mesh,ARC,IfcGeographicElement,TERRAIN,SGPset_GeographicElement,Status,Label,N.A,N.A,"Existing, Proposed",N.A,IfcGeographicElementTERRAIN,check,GeographicElement,GeographicElement,okay
145,URA,Envelope Control,N.A,Generic Models,Object,N.A,Object,ARC,IfcBuildingElementProxy,*ENVELOPECONTROL,N.A,N.A,N.A,N.A,N.A,N.A,N.A,IfcBuildingElementProxyENVELOPECONTROL,okay,BuildingElementProxy,,
146,BCA,Escalator,N.A,Mechanical Equipment,Transport Element,N.A,Equipment,ARC,IfcTransportElement,ESCALATOR,N.A,N.A,N.A,N.A,N.A,N.A,N.A,IfcTransportElementESCALATOR,check,TransportElement,#N/A,#N/A
147,BCA,Family-Friendly Furniture,N.A,Furniture,Object,N.A,Furniture,ARC,IfcFurniture,*CHANGINGBED,N.A,N.A,N.A,N.A,N.A,N.A,N.A,IfcFurnitureCHANGINGBED,okay,Furniture,#N/A,#N/A
148,BCA,Family-Friendly Furniture,N.A,Furniture,Object,N.A,Furniture,ARC,IfcFurniture,*CHILDPROTECTIONSEAT,N.A,N.A,N.A,N.A,N.A,N.A,N.A,IfcFurnitureCHILDPROTECTIONSEAT,okay,Furniture,#N/A,#N/A
149,BCA,Family-Friendly Furniture,N.A,Furniture,Object,N.A,Furniture,ARC,IfcFurniture,*DIAPERCHANGINGTABLE,N.A,N.A,N.A,N.A,N.A,N.A,N.A,IfcFurnitureDIAPERCHANGINGTABLE,okay,Furniture,#N/A,#N/A
150,SCDF,Finishes,N.A,Floors,Slab,Slab,Slab,ARC,IfcCovering,CLADDING,Please refer to property sets below,Please refer to properties below,N.A,N.A,N.A,N.A,N.A,IfcCoveringCLADDING,check,Covering,#N/A,#N/A
151,SCDF,Finishes,N.A,Floors,Slab,Slab,Slab,ARC,IfcCovering,*FIRECURTAIN,Please refer to property sets below,Please refer to properties below,N.A,N.A,N.A,N.A,N.A,IfcCoveringFIRECURTAIN,okay,Covering,#N/A,#N/A
152,SCDF,Finishes,N.A,Floors,Slab,Slab,Slab,ARC,IfcCovering,FLOORING,Please refer to property sets below,Please refer to properties below,N.A,N.A,N.A,N.A,N.A,IfcCoveringFLOORING,check,Covering,#N/A,#N/A
153,SCDF,Finishes,N.A,Floors,Slab,Slab,Slab,ARC,IfcCovering,*PIPESLEEVE,Please refer to property sets below,Please refer to properties below,N.A,N.A,N.A,N.A,N.A,IfcCoveringPIPESLEEVE,okay,Covering,#N/A,#N/A
154,SCDF,Finishes,N.A,Floors,Slab,Slab,Slab,ARC,IfcCovering,*SOFFIT,Please refer to property sets below,Please refer to properties below,N.A,N.A,N.A,N.A,N.A,IfcCoveringSOFFIT,okay,Covering,#N/A,#N/A
155,SCDF,Finishes,Fire Rating,Floors,Slab,Slab,Slab,ARC,IfcCovering,"CLADDING, *FIRECURTAIN, FLOORING, *PIPESLEEVE, *SOFFIT, *TACTILETILE",Pset_CoveringCommon,FireRating,Label,hr,N.A,"0.5, 1, 1.5, 2, 2.5, 3, 3.5, 4",N.A,"IfcCoveringCLADDING, *FIRECURTAIN, FLOORING, *PIPESLEEVE, *SOFFIT, *TACTILETILE",skip,Covering,Covering,okay
156,SCDF,Finishes,Material,Floors,Slab,Slab,Slab,ARC,IfcCovering,"CLADDING, *FIRECURTAIN, FLOORING, *PIPESLEEVE, *SOFFIT, *TACTILETILE",SGPset_Material,Material,Label,N.A,Name,N.A,N.A,"IfcCoveringCLADDING, *FIRECURTAIN, FLOORING, *PIPESLEEVE, *SOFFIT, *TACTILETILE",skip,Covering,Material,check
157,BCA,Finishes,N.A,Generic Models,Model Element,N.A,Object,ARC,IfcBuildingElementProxy,*TACTILETILE,N.A,N.A,N.A,N.A,N.A,N.A,N.A,IfcBuildingElementProxyTACTILETILE,okay,BuildingElementProxy,#N/A,#N/A
158,SCDF,Fire Access Opening,Fire Access Opening,Doors,Door,N.A,Door,ARC,IfcDoor,*OPENING,SGPset_Door,FireAccessOpening,Boolean,N.A,N.A,TRUE/FALSE,N.A,IfcDoorOPENING,okay,Door,Door,okay
159,SCDF,Fire Access Opening,Fire Access Opening,"Void, Shaft Openings",Opening,N.A,Opening,ARC,IfcOpeningElement,OPENING,SGPset_OpeningElement,FireAccessOpening,Boolean,N.A,N.A,TRUE/FALSE,N.A,IfcOpeningElementOPENING,check,OpeningElement,OpeningElement,okay
160,SCDF,Fire Access Opening,Fire Access Opening,Windows,Window,N.A,Window,ARC,IfcWindow,*OPENING,SGPset_Window,FireAccessOpening,Boolean,N.A,N.A,TRUE/FALSE,N.A,IfcWindowOPENING,okay,Window,Window,okay
161,SCDF,Fire Alarm,N.A,Fire Alarm Devices,Object,N.A,Solid,MEP,IfcAlarm,*FIREALARMPANEL,N.A,N.A,N.A,N.A,N.A,N.A,N.A,IfcAlarmFIREALARMPANEL,okay,Alarm,#N/A,#N/A
162,SCDF,Fire Alarm,N.A,Fire Alarm Devices,Object,N.A,Solid,MEP,IfcAlarm,*HOMEFIREALARMDEVICE,N.A,N.A,N.A,N.A,N.A,N.A,N.A,IfcAlarmHOMEFIREALARMDEVICE,okay,Alarm,#N/A,#N/A
163,SCDF,Fire Alarm,N.A,Fire Alarm Devices,Object,N.A,Solid,ARC,IfcAlarm,*MANUALALARMCALLPOINT,N.A,N.A,N.A,N.A,N.A,N.A,N.A,IfcAlarmMANUALALARMCALLPOINT,okay,Alarm,#N/A,#N/A
164,SCDF,Fire Alarm,N.A,Fire Alarm Devices,Object,N.A,Solid,MEP,IfcAlarm,*SOUNDER,N.A,N.A,N.A,N.A,N.A,N.A,N.A,IfcAlarmSOUNDER,okay,Alarm,#N/A,#N/A
165,SCDF,Fire Alarm,N.A,Fire Alarm Devices,Object,N.A,Solid,MEP,IfcAlarm,*VISUALALARM,N.A,N.A,N.A,N.A,N.A,N.A,N.A,IfcAlarmVISUALALARM,okay,Alarm,#N/A,#N/A
166,SCDF,Fire Extinguisher,Fire Extinguisher Rating,Generic Models,Object,N.A,Object,ARC,IfcBuildingElementProxy,*PORTABLEFIREEXTINGUISHER,SGPset_BuildingElementProxy,FireExtinguisherRating,Label,N.A,N.A,N.A,N.A,IfcBuildingElementProxyPORTABLEFIREEXTINGUISHER,okay,BuildingElementProxy,BuildingElementProxy,okay
167,SCDF,Fire Hydrant,ID,Plumbing Fixtures,Object,N.A,Fire Protection,MEP,IfcFireSuppressionTerminal,FIREHYDRANT,SGPset_FireSuppressionTerminal,ID,Label,N.A,N.A,N.A,N.A,IfcFireSuppressionTerminalFIREHYDRANT,check,FireSuppressionTerminal,FireSuppressionTerminal,okay
168,SCDF,Fire Hydrant,Private,Plumbing Fixtures,Object,N.A,Fire Protection,MEP,IfcFireSuppressionTerminal,FIREHYDRANT,SGPset_FireSuppressionTerminal,Private,Boolean,N.A,N.A,TRUE/FALSE,N.A,IfcFireSuppressionTerminalFIREHYDRANT,check,FireSuppressionTerminal,FireSuppressionTerminal,okay
169,SCDF,Fire Hydrant,Public,Plumbing Fixtures,Object,N.A,Fire Protection,MEP,IfcFireSuppressionTerminal,FIREHYDRANT,SGPset_FireSuppressionTerminal,Public,Boolean,N.A,N.A,TRUE/FALSE,N.A,IfcFireSuppressionTerminalFIREHYDRANT,check,FireSuppressionTerminal,FireSuppressionTerminal,okay
170,SCDF,Foam Inlet / Outlet,N.A,Plumbing Fixtures,Pipe,N.A,Equipment,MEP,IfcFireSuppressionTerminal,*FOAMINLET,Please refer to property sets below,Please refer to properties below,N.A,N.A,N.A,N.A,N.A,IfcFireSuppressionTerminalFOAMINLET,okay,FireSuppressionTerminal,#N/A,#N/A
171,SCDF,Foam Inlet / Outlet,N.A,Plumbing Fixtures,Pipe,N.A,Equipment,MEP,IfcFireSuppressionTerminal,*FOAMOUTLET,Please refer to property sets below,Please refer to properties below,N.A,N.A,N.A,N.A,N.A,IfcFireSuppressionTerminalFOAMOUTLET,okay,FireSuppressionTerminal,#N/A,#N/A
172,SCDF,Foam Inlet / Outlet,System Name,Plumbing Fixtures,Pipe,N.A,Equipment,MEP,IfcFireSuppressionTerminal,"*FOAMINLET, *FOAMOUTLET",SGPset_FireSuppressionTerminal,SystemName,Label,N.A,N.A,N.A,N.A,"IfcFireSuppressionTerminalFOAMINLET, *FOAMOUTLET",skip,FireSuppressionTerminal,FireSuppressionTerminal,okay
173,SCDF,Foam Inlet / Outlet,System Type,Plumbing Fixtures,Pipe,N.A,Equipment,MEP,IfcFireSuppressionTerminal,"*FOAMINLET, *FOAMOUTLET",SGPset_FireSuppressionTerminal,SystemType,Label,N.A,N.A,N.A,"Foam Fire Extinguishing, Foam Sprinkler","IfcFireSuppressionTerminalFOAMINLET, *FOAMOUTLET",skip,FireSuppressionTerminal,FireSuppressionTerminal,okay
174,BCA,Footing,Bottom Distribution,Structural Foundations,Footing,Concrete Footing,Footing,STR,IfcFooting,N.A,SGPset_FootingReinforcement,BottomDistribution,Label,N.A,N.A,N.A,H16-150,IfcFootingN.A,skip,Footing,Footing,okay
175,BCA,Footing,Bottom Main,Structural Foundations,Footing,Concrete Footing,Footing,STR,IfcFooting,N.A,SGPset_FootingReinforcement,BottomMain,Label,N.A,N.A,N.A,H25-150,IfcFootingN.A,skip,Footing,Footing,okay
176,BCA,Footing,Breadth,Structural Foundations,Footing,Concrete Footing,Footing,STR,IfcFooting,N.A,SGPset_FootingDimension,Breadth,Length,mm,N.A,N.A,6200,IfcFootingN.A,skip,Footing,Footing,okay
177,BCA,Footing,DA1-1 Bearing Capacity,Structural Foundations,Footing,Concrete Footing,Footing,STR,IfcFooting,N.A,SGPset_Footing,DA1-1_BearingCapacity,Integer,kPa,N.A,N.A,150,IfcFootingN.A,skip,Footing,Footing,okay
178,BCA,Footing,DA1-2 Bearing Capacity,Structural Foundations,Footing,Concrete Footing,Footing,STR,IfcFooting,N.A,SGPset_Footing,DA1-2_BearingCapacity,Integer,kPa,N.A,N.A,120,IfcFootingN.A,skip,Footing,Footing,okay
179,BCA,Footing,Depth,Structural Foundations,Footing,Concrete Footing,Footing,STR,IfcFooting,N.A,SGPset_FootingDimension,Depth,Length,mm,N.A,N.A,300,IfcFootingN.A,skip,Footing,Footing,okay
180,BCA,Footing,Mark,Structural Foundations,Footing,Concrete Footing,Footing,STR,IfcFooting,N.A,SGPset_FootingDimension,Mark,Label,N.A,N.A,N.A,"F2, PC1, PC2, PC4_1",IfcFootingN.A,skip,Footing,Footing,okay
181,BCA,Footing,Material Grade,Structural Foundations,Footing,Concrete Footing,Footing,STR,IfcFooting,N.A,SGPset_Material,MaterialGrade,Label,N.A,Name,"C12/15, C20/25, C30/37, C32/40, C35/45, C40/50, C50/60, C55/67, C60/75, C70/85, C80/95, S235, S275, S355, S460",N.A,IfcFootingN.A,skip,Footing,Materia,check
182,BCA,Footing,ReferTo2DDetail,Structural Foundations,Footing,Concrete Footing,Footing,STR,IfcFooting,N.A,SGPset_Footing,ReferTo2DDetail,Label,N.A,N.A,N.A,Dwg Number,IfcFootingN.A,skip,Footing,Footing,okay
183,BCA,Footing,Reinforcement Steel Grade,Structural Foundations,Footing,Concrete Footing,Footing,STR,IfcFooting,N.A,SGPset_Footing,ReinforcementSteelGrade,Label,N.A,N.A,"500A, 500B, 500C, 600A, 600B, 600C",N.A,IfcFootingN.A,skip,Footing,Footing,okay
184,BCA,Footing,Side Bar,Structural Foundations,Footing,Concrete Footing,Footing,STR,IfcFooting,N.A,SGPset_FootingReinforcement,SideBar,Label,N.A,N.A,N.A,H13-250,IfcFootingN.A,skip,Footing,Footing,okay
185,BCA,Footing,Soil Verification Test,Structural Foundations,Footing,Concrete Footing,Footing,STR,IfcFooting,N.A,SGPset_Footing,SoilVerificationTest,Label,N.A,N.A,N.A,2 nos plate load Test,IfcFootingN.A,skip,Footing,Footing,okay
186,BCA,Footing,Stirrups,Structural Foundations,Footing,Concrete Footing,Footing,STR,IfcFooting,N.A,SGPset_FootingReinforcement,Stirrups,Label,N.A,N.A,N.A,H13-200-300,IfcFootingN.A,skip,Footing,Footing,okay
187,BCA,Footing,Stirrups Type,Structural Foundations,Footing,Concrete Footing,Footing,STR,IfcFooting,N.A,SGPset_FootingReinforcement,StirrupsType,Label,N.A,N.A,"Normal, U, C, CL, Torsion",N.A,IfcFootingN.A,skip,Footing,Footing,okay
188,BCA,Footing,Top Distribution,Structural Foundations,Footing,Concrete Footing,Footing,STR,IfcFooting,N.A,SGPset_FootingReinforcement,TopDistribution,Label,N.A,N.A,N.A,H16-150,IfcFootingN.A,skip,Footing,Footing,okay
189,BCA,Footing,Top Main,Structural Foundations,Footing,Concrete Footing,Footing,STR,IfcFooting,N.A,SGPset_FootingReinforcement,TopMain,Label,N.A,N.A,N.A,H25-150,IfcFootingN.A,skip,Footing,Footing,okay
190,BCA,Footing,Width,Structural Foundations,Footing,Concrete Footing,Footing,STR,IfcFooting,N.A,SGPset_FootingDimension,Width,Length,mm,N.A,N.A,300,IfcFootingN.A,skip,Footing,Footing,okay
191,BCA,Footing,Working Load DA1-1,Structural Foundations,Footing,Concrete Footing,Footing,STR,IfcFooting,N.A,SGPset_FoundationStructuralLoad,WorkingLoad_DA1-1,Integer,kN,N.A,N.A,4321,IfcFootingN.A,skip,Footing,Foundat,check
192,BCA,Footing,Working Load DA1-2,Structural Foundations,Footing,Concrete Footing,Footing,STR,IfcFooting,N.A,SGPset_FoundationStructuralLoad,WorkingLoad_DA1-2,Integer,kN,N.A,N.A,4321,IfcFootingN.A,skip,Footing,Foundat,check
193,BCA,Footpath,Material,Floors,Slab,Slab,Slab,ARC,IfcCivilElement,*FOOTPATH,SGPset_Material,Material,Label,N.A,Name,N.A,N.A,IfcCivilElementFOOTPATH,skip,CivilElement,Material,check
194,BCA,Footpath,Width,Floors,Slab,Slab,Slab,ARC,IfcCivilElement,*FOOTPATH,SGPset_CivilElementDimension,Width,Length,mm,N.A,N.A,N.A,IfcCivilElementFOOTPATH,skip,CivilElement,CivilElement,okay
195,BCA,Footpath,N.A,Generic Models,Model Element,N.A,Object,ARC,IfcBuildingElementProxy,*TACTILETILE,N.A,N.A,N.A,N.A,N.A,N.A,N.A,IfcBuildingElementProxyTACTILETILE,okay,BuildingElementProxy,#N/A,#N/A
196,PUB,Grating,System Name,Generic Models,Covering,N.A,Object,ARC,IfcDiscreteAccessory,*GRATING,SGPset_DiscreteAccessory,SystemName,Label,N.A,N.A,N.A,N.A,IfcDiscreteAccessoryGRATING,okay,DiscreteAccessory,DiscreteAccessory,okay
197,PUB,Grating,System Type,Generic Models,Covering,N.A,Object,ARC,IfcDiscreteAccessory,*GRATING,SGPset_DiscreteAccessory,SystemType,Label,N.A,N.A,N.A,Drainage,IfcDiscreteAccessoryGRATING,okay,DiscreteAccessory,DiscreteAccessory,okay
198,NPARKS,Green Verge,Approved Soil Mixture,Toposolid,Mesh,N.A,Mesh,External Works,IfcGeographicElement,*GREENVERGES,SGPset_GeographicElement,ApprovedSoilMixture,Boolean,N.A,N.A,TRUE/FALSE,N.A,IfcGeographicElementGREENVERGES,okay,GeographicElement,GeographicElement,okay
199,NPARKS,Green Verge,Approved Turf Species,Toposolid,Mesh,N.A,Mesh,External Works,IfcGeographicElement,*GREENVERGES,SGPset_GeographicElement,ApprovedTurfSpecies,Boolean,N.A,N.A,TRUE/FALSE,N.A,IfcGeographicElementGREENVERGES,okay,GeographicElement,GeographicElement,okay
200,NPARKS,Green Verge,Area,Toposolid,Mesh,N.A,Mesh,External Works,IfcGeographicElement,*GREENVERGES,SGPset_GeographicElementDimension,Area,Area,m2,N.A,N.A,N.A,IfcGeographicElementGREENVERGES,okay,GeographicElement,GeographicElement,okay
201,NPARKS,Green Verge,Shrub Species,Toposolid,Mesh,N.A,Mesh,External Works,IfcGeographicElement,*GREENVERGES,SGPset_GeographicElement,ShrubSpecies,Label,N.A,N.A,N.A,N.A,IfcGeographicElementGREENVERGES,okay,GeographicElement,GeographicElement,okay
202,NPARKS,Green Verge,Status,Toposolid,Mesh,N.A,Mesh,External Works,IfcGeographicElement,*GREENVERGES,SGPset_GeographicElement,Status,Label,N.A,N.A,"Existing, Proposed, To be Removed",N.A,IfcGeographicElementGREENVERGES,okay,GeographicElement,GeographicElement,okay
203,NPARKS,Green Verge,ALS Greenery Feature,Toposolid,Mesh,N.A,Mesh,External Works,IfcSpace,*AREA_GFA,SGPset_SpaceArea_Landscape,ALS_GreeneryFeatures,Label,N.A,N.A,Green Verge,N.A,IfcSpaceAREA_GFA,okay,Space,Space,okay
204,NPARKS,Green Verge,ALS Landscape Type,Toposolid,Mesh,N.A,Mesh,External Works,IfcSpace,*AREA_GFA,SGPset_SpaceArea_Landscape,ALS_LandscapeType,Label,N.A,N.A,"Turfing, Groundcover, Shrubs",N.A,IfcSpaceAREA_GFA,okay,Space,Space,okay
205,NPARKS,Green Verge,ALS Status,Toposolid,Mesh,N.A,Mesh,External Works,IfcSpace,*AREA_GFA,SGPset_SpaceArea_Landscape,ALS_Status,Label,N.A,N.A,"Existing, Proposed, To be Removed",N.A,IfcSpaceAREA_GFA,okay,Space,Space,okay
206,NEA,Gutter,System Name,Plumbing Fixtures,Pipe,N.A,Drains&Basins,MEP,IfcPipeSegment,GUTTER,SGPset_PipeSegment,SystemName,Label,N.A,N.A,N.A,N.A,IfcPipeSegmentGUTTER,check,PipeSegment,PipeSegment,okay
207,NEA,Gutter,System Type,Plumbing Fixtures,Pipe,N.A,Drains&Basins,MEP,IfcPipeSegment,GUTTER,SGPset_PipeSegment,SystemType,Label,N.A,N.A,N.A,Drainage,IfcPipeSegmentGUTTER,check,PipeSegment,PipeSegment,okay
208,PUB,Gutter,Construction Method,Generic Models,Object,"Slab, Panel",Drains&Basins,MEP,IfcCivilElement,*GUTTER,SGPset_CivilElement,ConstructionMethod,Label,N.A,N.A,N.A,N.A,IfcCivilElementGUTTER,skip,CivilElement,CivilElement,okay
209,PUB,Gutter,Height,Generic Models,Object,"Slab, Panel",Drains&Basins,MEP,IfcCivilElement,*GUTTER,SGPset_CivilElementDimension,Height,Length,mm,N.A,N.A,N.A,IfcCivilElementGUTTER,skip,CivilElement,CivilElement,okay
210,PUB,Gutter,Length,Generic Models,Object,"Slab, Panel",Drains&Basins,MEP,IfcCivilElement,*GUTTER,SGPset_CivilElementDimension,Length,Length,mm,N.A,N.A,N.A,IfcCivilElementGUTTER,skip,CivilElement,CivilElement,okay
211,PUB,Gutter,Public,Generic Models,Object,"Slab, Panel",Drains&Basins,MEP,IfcCivilElement,*GUTTER,SGPset_CivilElement,Public,Boolean,N.A,N.A,TRUE/FALSE,N.A,IfcCivilElementGUTTER,skip,CivilElement,CivilElement,okay
212,PUB,Gutter,Thickness,Generic Models,Object,"Slab, Panel",Drains&Basins,MEP,IfcCivilElement,*GUTTER,SGPset_CivilElementDimension,Thickness,Length,mm,N.A,N.A,N.A,IfcCivilElementGUTTER,skip,CivilElement,CivilElement,okay
213,PUB,Gutter,Width,Generic Models,Object,"Slab, Panel",Drains&Basins,MEP,IfcCivilElement,*GUTTER,SGPset_CivilElementDimension,Width,Length,mm,N.A,N.A,N.A,IfcCivilElementGUTTER,skip,CivilElement,CivilElement,okay
214,PUB,Gutter,System Name,Generic Models,Object,"Slab, Panel",Drains&Basins,MEP,IfcCivilElement,*GUTTER,SGPset_CivilElementDimension,SystemName,Label,N.A,N.A,N.A,N.A,,skip,,,
215,PUB,Gutter,System Type,Generic Models,Object,"Slab, Panel",Drains&Basins,MEP,IfcCivilElement,*GUTTER,SGPset_CivilElementDimension,SystemType,Label,N.A,N.A,N.A,Drainage,,skip,,,
216,SCDF,Hose Reel,N.A,Mechanical Equipment,Pipe Flow Terminal,N.A,Pipe,MEP,IfcFireSuppressionTerminal,HOSEREEL,Please refer to property sets below,Please refer to properties below,Length,mm,N.A,N.A,N.A,IfcFireSuppressionTerminalHOSEREEL,check,FireSuppressionTerminal,#N/A,#N/A
217,SCDF,Hose Reel,N.A,Mechanical Equipment,Pipe,N.A,Pipe,MEP,IfcFireSuppressionTerminal,*STANDBYFIREHOSE,Please refer to property sets below,Please refer to properties below,N.A,N.A,N.A,N.A,N.A,IfcFireSuppressionTerminalSTANDBYFIREHOSE,okay,FireSuppressionTerminal,#N/A,#N/A
218,SCDF,Hose Reel,Hose Nominal Diameter,Mechanical Equipment,Pipe,N.A,Pipe,MEP,IfcFireSuppressionTerminal,"HOSEREEL, *STANDBYFIREHOSE",SGPset_FireSuppressionTerminal,Hose_NominalDiameter,Length,mm,N.A,N.A,N.A,"IfcFireSuppressionTerminalHOSEREEL, *STANDBYFIREHOSE",skip,FireSuppressionTerminal,FireSuppressionTerminal,okay
219,BCA,Household Shelter,Space Name,Areas,Zone,N.A,Space,ARC,IfcSpace,SPACE,SGPset_Space,SpaceName,Label,N.A,N.A,"Household Shelter, Setback",N.A,IfcSpaceSPACE,check,Space,Space,okay
220,BCA,Household Shelter,Construction Method,Areas,Zone,N.A,Space,ARC,IfcSpace,SPACE,SGPset_Space,ConstructionMethod,Label,N.A,N.A,"Precast, Prefab, CIS",N.A,IfcSpaceSPACE,check,Space,Space,okay
221,BCA,Household Shelter,Area,Areas,Zone,N.A,Space,ARC,IfcSpace,SPACE,SGPset_SpaceDimension,Area,Area,m2,N.A,N.A,N.A,IfcSpaceSPACE,check,Space,Space,okay
222,BCA,Household Shelter,Internal Length,Areas,Zone,N.A,Space,ARC,IfcSpace,SPACE,SGPset_SpaceDimension,InternalLength,Length,mm,N.A,N.A,N.A,IfcSpaceSPACE,check,Space,Space,okay
223,BCA,Household Shelter,Internal Width,Areas,Zone,N.A,Space,ARC,IfcSpace,SPACE,SGPset_SpaceDimension,InternalWidth,Length,mm,N.A,N.A,N.A,IfcSpaceSPACE,check,Space,Space,okay
224,BCA,Household Shelter,AGF Name,Areas,Zone,N.A,Space,ARC,IfcSpace,*AREA_GFA,SGPset_SpaceArea_GFA,AGF_Name,Label,N.A,N.A,Household Shelter,N.A,IfcSpaceAREA_GFA,okay,Space,Space,okay
225,BCA,Household Shelter,N.A,Areas,Zone,N.A,Space,ARC,IfcSpace,*HSSETBACK,N.A,N.A,N.A,N.A,N.A,N.A,N.A,IfcSpaceHSSETBACK,okay,Space,#N/A,#N/A
226,BCA,Household Shelter,Construction Method,Areas,Zone,N.A,Space,ARC,IfcWall,N.A,SGPset_Wall,ConstructionMethod,Label,N.A,N.A,"CIS, PC, PT (Pre), PT (Post), PF, PPVC, Spun",N.A,IfcWallN.A,skip,Wall,Wall,okay
227,BCA,Household Shelter,Thickness,Areas,Zone,N.A,Space,ARC,IfcWall,N.A,SGPset_WallDimension,Thickness,Length,mm,N.A,N.A,300,IfcWallN.A,skip,Wall,Wall,okay
228,BCA,Household Shelter,Shelter Usage,Areas,Zone,N.A,Space,ARC,IfcWall,N.A,SGPset_Wall,ShelterUsage,Boolean,N.A,N.A,TRUE/FALSE,N.A,IfcWallN.A,skip,Wall,Wall,okay
229,BCA,Household Shelter,N.A,Lighting Fixtures,Lighting Fixtures,N.A,Object,ARC,IfcLightFixture,N.A,N.A,N.A,N.A,N.A,N.A,N.A,N.A,IfcLightFixtureN.A,skip,LightFixture,#N/A,#N/A
230,BCA,Household Shelter,N.A,"Electrical Equipment, Communication Devices, Electrical Fixtures","Flow Equipment, Object",N.A,"Equipment, Object",ARC,IfcOutlet,COMMUNICATIONSOUTLET,N.A,N.A,N.A,N.A,N.A,N.A,N.A,IfcOutletCOMMUNICATIONSOUTLET,check,Outlet,#N/A,#N/A
231,BCA,Household Shelter,N.A,"Electrical Equipment, Communication Devices, Electrical Fixtures","Flow Equipment, Object",N.A,"Equipment, Object",ARC,IfcOutlet,DATAOUTLET,N.A,N.A,N.A,N.A,N.A,N.A,N.A,IfcOutletDATAOUTLET,check,Outlet,#N/A,#N/A
232,BCA,Household Shelter,N.A,"Electrical Equipment, Communication Devices, Electrical Fixtures","Flow Equipment, Object",N.A,"Equipment, Object",ARC,IfcOutlet,POWEROUTLET,N.A,N.A,N.A,N.A,N.A,N.A,N.A,IfcOutletPOWEROUTLET,check,Outlet,#N/A,#N/A
233,BCA,Household Shelter,N.A,"Electrical Fixtures, Specialty Equipment, Lighting Devices",Object,N.A,Object,ARC,IfcSwitchingDevice,N.A,N.A,N.A,N.A,N.A,N.A,N.A,N.A,IfcSwitchingDeviceN.A,skip,SwitchingDevice,#N/A,#N/A
234,PUB,Interceptor,N.A,Plumbing Fixtures,Flow Equipment,N.A,Equipment,MEP,IfcInterceptor,GREASE,Please refer to property sets below,Please refer to properties below,N.A,N.A,N.A,N.A,N.A,IfcInterceptorGREASE,check,Interceptor,#N/A,#N/A
235,PUB,Interceptor,N.A,Plumbing Fixtures,Flow Equipment,N.A,Equipment,MEP,IfcInterceptor,OIL,Please refer to property sets below,Please refer to properties below,N.A,N.A,N.A,N.A,N.A,IfcInterceptorOIL,check,Interceptor,#N/A,#N/A
236,PUB,Interceptor,Comply to PUB Standard Drawing,Plumbing Fixtures,Flow Equipment,N.A,Equipment,MEP,IfcInterceptor,"GREASE, OIL",SGPset_Interceptor,ComplyToPUBStandardDrawing,Boolean,N.A,N.A,TRUE/FALSE,N.A,"IfcInterceptorGREASE, OIL",skip,Interceptor,Interceptor,okay
237,PUB,Interceptor,Refer to Drawing Number,Plumbing Fixtures,Flow Equipment,N.A,Equipment,MEP,IfcInterceptor,"GREASE, OIL",SGPset_Interceptor,ReferToDrawingNumber,Label,N.A,N.A,N.A,N.A,"IfcInterceptorGREASE, OIL",skip,Interceptor,Interceptor,okay
238,PUB,Interceptor,Invert Level,Plumbing Fixtures,Flow Equipment,N.A,Equipment,MEP,IfcInterceptor,"GREASE, OIL",SGPset_InterceptorDimension,InvertLevel,Real,SHD m,N.A,N.A,N.A,"IfcInterceptorGREASE, OIL",skip,Interceptor,Interceptor,okay
239,PUB,Interceptor,Top Level,Plumbing Fixtures,Flow Equipment,N.A,Equipment,MEP,IfcInterceptor,"GREASE, OIL",SGPset_InterceptorDimension,TopLevel,Real,SHD m,N.A,N.A,N.A,"IfcInterceptorGREASE, OIL",skip,Interceptor,Interceptor,okay
240,PUB,Interceptor,Diameter,Plumbing Fixtures,Flow Equipment,N.A,Equipment,MEP,IfcInterceptor,"GREASE, OIL",SGPset_InterceptorDimension,Diameter,Length,mm,N.A,N.A,N.A,"IfcInterceptorGREASE, OIL",skip,Interceptor,Interceptor,okay
241,PUB,Interceptor,Height,Plumbing Fixtures,Flow Equipment,N.A,Equipment,MEP,IfcInterceptor,"GREASE, OIL",SGPset_InterceptorDimension,Height,Length,mm,N.A,N.A,N.A,"IfcInterceptorGREASE, OIL",skip,Interceptor,Interceptor,okay
242,PUB,Interceptor,Length,Plumbing Fixtures,Flow Equipment,N.A,Equipment,MEP,IfcInterceptor,"GREASE, OIL",SGPset_InterceptorDimension,Length,Length,mm,N.A,N.A,N.A,"IfcInterceptorGREASE, OIL",skip,Interceptor,Interceptor,okay
243,PUB,Interceptor,Width,Plumbing Fixtures,Flow Equipment,N.A,Equipment,MEP,IfcInterceptor,"GREASE, OIL",SGPset_InterceptorDimension,Width,Length,mm,N.A,N.A,N.A,"IfcInterceptorGREASE, OIL",skip,Interceptor,Interceptor,okay
244,PUB,Interceptor,Trade Effluent,Plumbing Fixtures,Flow Equipment,N.A,Equipment,MEP,IfcInterceptor,"GREASE, OIL",SGPset_InterceptorDimension,TradeEffluent,Boolean,N.A,N.A,TRUE/FALSE,N.A,"IfcInterceptorGREASE, OIL",skip,Interceptor,Interceptor,okay
245,PUB,Interceptor,System Type,Plumbing Fixtures,Flow Equipment,N.A,Equipment,MEP,IfcInterceptor,"GREASE, OIL",SGPset_InterceptorDimension,SystemType,Label,N.A,N.A,N.A,"Sanitary, Sewerage","IfcInterceptorGREASE, OIL",skip,Interceptor,Interceptor,okay
246,PUB,Interceptor,System Name,Plumbing Fixtures,Flow Equipment,N.A,Equipment,MEP,IfcInterceptor,"GREASE, OIL",SGPset_InterceptorDimension,SystemName,Label,N.A,N.A,N.A,N.A,"IfcInterceptorGREASE, OIL",skip,Interceptor,Interceptor,okay
247,LTA,Lamp Post,N.A,Lighting Fixtures,Lighting Fixtures,N.A,Object,ARC,IfcCivilElement,*LAMPPOST,N.A,N.A,N.A,N.A,N.A,N.A,N.A,IfcCivilElementLAMPPOST,skip,CivilElement,#N/A,#N/A
248,NPARKS,Landscape Plants,N.A,Planting,Object,N.A,Object,ARC,IfcGeographicElement,*LANDSCAPE_TREE,Please refer to property sets below,Please refer to properties below,N.A,N.A,N.A,N.A,N.A,IfcGeographicElementLANDSCAPE_TREE,okay,GeographicElement,#N/A,#N/A
249,NPARKS,Landscape Plants,N.A,Planting,Object,N.A,Object,ARC,IfcGeographicElement,*LANDSCAPE_PALM,Please refer to property sets below,Please refer to properties below,N.A,N.A,N.A,N.A,N.A,IfcGeographicElementLANDSCAPE_PALM,okay,GeographicElement,#N/A,#N/A
250,NPARKS,Landscape Plants,N.A,Planting,Object,N.A,Object,ARC,IfcGeographicElement,*LANDSCAPE_HEDGE,Please refer to property sets below,Please refer to properties below,N.A,N.A,N.A,N.A,N.A,IfcGeographicElementLANDSCAPE_HEDGE,okay,GeographicElement,#N/A,#N/A
251,NPARKS,Landscape Plants,Girth,Planting,Object,N.A,Object,ARC,IfcGeographicElement,"*LANDSCAPE_TREE, *LANDSCAPE_PALM",SGPset_GeographicElementDimension,Girth,Length,mm,N.A,N.A,"100, 300, 1000","IfcGeographicElementLANDSCAPE_TREE, *LANDSCAPE_PALM",skip,GeographicElement,GeographicElement,okay
252,NPARKS,Landscape Plants,Hedge Number,Planting,Object,N.A,Object,ARC,IfcGeographicElement,*LANDSCAPE_HEDGE,SGPset_GeographicElement,HedgeNumber,Label,N.A,N.A,N.A,"H001, H002, H003",IfcGeographicElementLANDSCAPE_HEDGE,okay,GeographicElement,GeographicElement,okay
253,NPARKS,Landscape Plants,Height,Planting,Object,N.A,Object,ARC,IfcGeographicElement,"*LANDSCAPE_TREE, *LANDSCAPE_PALM, *LANDSCAPE_HEDGE",SGPset_GeographicElementDimension,Height,Length,mm,N.A,N.A,"2500, 10000","IfcGeographicElementLANDSCAPE_TREE, *LANDSCAPE_PALM, *LANDSCAPE_HEDGE",skip,GeographicElement,GeographicElement,okay
254,NPARKS,Landscape Plants,Reason For Removal,Planting,Object,N.A,Object,ARC,IfcGeographicElement,"*LANDSCAPE_TREE, *LANDSCAPE_PALM",SGPset_GeographicElement,ReasonForRemoval,Label,N.A,N.A,N.A,N.A,"IfcGeographicElementLANDSCAPE_TREE, *LANDSCAPE_PALM",skip,GeographicElement,GeographicElement,okay
255,NPARKS,Landscape Plants,Roadside,Planting,Object,N.A,Object,ARC,IfcGeographicElement,"*LANDSCAPE_TREE, *LANDSCAPE_PALM",SGPset_GeographicElement,Roadside,Boolean,N.A,N.A,TRUE/FALSE,N.A,"IfcGeographicElementLANDSCAPE_TREE, *LANDSCAPE_PALM",skip,GeographicElement,GeographicElement,okay
256,NPARKS,Landscape Plants,Single Stem,Planting,Object,N.A,Object,ARC,IfcGeographicElement,"*LANDSCAPE_TREE, *LANDSCAPE_PALM",SGPset_GeographicElement,SingleStem,Boolean,N.A,N.A,TRUE/FALSE,N.A,"IfcGeographicElementLANDSCAPE_TREE, *LANDSCAPE_PALM",skip,GeographicElement,GeographicElement,okay
257,NPARKS,Landscape Plants,Species,Planting,Object,N.A,Object,ARC,IfcGeographicElement,"*LANDSCAPE_TREE, *LANDSCAPE_PALM, *LANDSCAPE_HEDGE",SGPset_GeographicElement,Species,Label,N.A,N.A,N.A,"Samanea saman, Cyrtostachys renda, Gardenia tubifera","IfcGeographicElementLANDSCAPE_TREE, *LANDSCAPE_PALM, *LANDSCAPE_HEDGE",skip,GeographicElement,GeographicElement,okay
258,NPARKS,Landscape Plants,Status,Planting,Object,N.A,Object,ARC,IfcGeographicElement,"*LANDSCAPE_TREE, *LANDSCAPE_PALM, *LANDSCAPE_HEDGE",SGPset_GeographicElement,Status,Label,N.A,N.A,"Existing, Proposed, To be Removed, To be Transplanted",N.A,"IfcGeographicElementLANDSCAPE_TREE, *LANDSCAPE_PALM, *LANDSCAPE_HEDGE",skip,GeographicElement,GeographicElement,okay
259,NPARKS,Landscape Plants,Tree Number,Planting,Object,N.A,Object,ARC,IfcGeographicElement,"*LANDSCAPE_TREE, *LANDSCAPE_PALM",SGPset_GeographicElement,TreeNumber,Label,N.A,N.A,N.A,"T001, T002, T003","IfcGeographicElementLANDSCAPE_TREE, *LANDSCAPE_PALM",skip,GeographicElement,GeographicElement,okay
260,NPARKS,Landscape Plants,Tree Size,Planting,Object,N.A,Object,ARC,IfcGeographicElement,"*LANDSCAPE_TREE, *LANDSCAPE_PALM",SGPset_GeographicElement,TreeSize,Label,N.A,N.A,N.A,"Small to medium, Large","IfcGeographicElementLANDSCAPE_TREE, *LANDSCAPE_PALM",skip,GeographicElement,GeographicElement,okay
261,NPARKS,Landscape Plants,Turf,Planting,Object,N.A,Object,ARC,IfcGeographicElement,"*LANDSCAPE_TREE, *LANDSCAPE_PALM, *LANDSCAPE_HEDGE",SGPset_GeographicElement,Turf,Boolean,N.A,N.A,TRUE/FALSE,N.A,"IfcGeographicElementLANDSCAPE_TREE, *LANDSCAPE_PALM, *LANDSCAPE_HEDGE",skip,GeographicElement,GeographicElement,okay
262,BCA,Lift,N.A,Specialty Equipment,Transport Element,N.A,Equipment,ARC,IfcTransportElement,*LIFT,Please refer to property sets below,Please refer to properties below,N.A,N.A,N.A,N.A,N.A,IfcTransportElementLIFT,okay,TransportElement,#N/A,#N/A
263,LTA,Lift,N.A,Parking,Object,N.A,Object,ARC,IfcTransportElement,*CARLIFT,Please refer to property sets below,Please refer to properties below,N.A,N.A,N.A,N.A,N.A,IfcTransportElementCARLIFT,okay,TransportElement,#N/A,#N/A
264,BCA,Lift,Barrier Free Accessibility,Specialty Equipment,Transport Element,N.A,Equipment,ARC,IfcTransportElement,*LIFT,SGPset_TransportElement,BarrierFreeAccessibility,Boolean,N.A,N.A,TRUE/FALSE,N.A,IfcTransportElementLIFT,okay,TransportElement,TransportElement,okay
265,BCA,Lift,Length,Specialty Equipment,Transport Element,N.A,Equipment,ARC,IfcTransportElement,*LIFT,SGPset_TransportElementDimension,Length,Length,mm,N.A,N.A,N.A,IfcTransportElementLIFT,okay,TransportElement,TransportElement,okay
266,LTA,Lift,Length,Parking,Object,N.A,Object,ARC,IfcTransportElement,*CARLIFT,SGPset_TransportElementDimension,Length,Length,mm,N.A,N.A,N.A,IfcTransportElementCARLIFT,okay,TransportElement,TransportElement,okay
267,BCA,Lift,Width,Specialty Equipment,Transport Element,N.A,Equipment,ARC,IfcTransportElement,*LIFT,SGPset_TransportElementDimension,Width,Length,mm,N.A,N.A,N.A,IfcTransportElementLIFT,okay,TransportElement,TransportElement,okay
268,LTA,Lift,Width,Parking,Object,N.A,Object,ARC,IfcTransportElement,*CARLIFT,SGPset_TransportElementDimension,Width,Length,mm,N.A,N.A,N.A,IfcTransportElementCARLIFT,okay,TransportElement,TransportElement,okay
269,SCDF,Lift,Clear Depth,Specialty Equipment,Transport Element,N.A,Equipment,ARC,IfcTransportElement,*LIFT,SGPset_TransportElementDimension,ClearDepth,Length,mm,N.A,N.A,N.A,IfcTransportElementLIFT,okay,TransportElement,TransportElement,okay
270,SCDF,Lift,Clear Height,Specialty Equipment,Transport Element,N.A,Equipment,ARC,IfcTransportElement,*LIFT,SGPset_TransportElementDimension,ClearHeight,Length,mm,N.A,N.A,N.A,IfcTransportElementLIFT,okay,TransportElement,TransportElement,okay
271,SCDF,Lift,Clear Width,Specialty Equipment,Transport Element,N.A,Equipment,ARC,IfcTransportElement,*LIFT,SGPset_TransportElementDimension,ClearWidth,Length,mm,N.A,N.A,N.A,IfcTransportElementLIFT,okay,TransportElement,TransportElement,okay
272,SCDF,Lift,Fire Fighting Lift,Specialty Equipment,Transport Element,N.A,Equipment,ARC,IfcTransportElement,*LIFT,SGPset_TransportElement,FireFightingLift,Boolean,N.A,N.A,TRUE/FALSE,N.A,IfcTransportElementLIFT,okay,TransportElement,TransportElement,okay
273,SCDF,Lift,Lift Type,Specialty Equipment,Transport Element,N.A,Equipment,ARC,IfcTransportElement,*LIFT,SGPset_TransportElement,LiftType,Label,N.A,N.A,N.A,"Goods Lift, Platform Lift, Bin Lifter, Bed Lift",IfcTransportElementLIFT,okay,TransportElement,TransportElement,okay
274,LTA,Parking Lot,N.A,Parking,Object,N.A,Object,ARC,IfcBuildingElementProxy,*CARLOT,Please refer to property sets below,Please refer to properties below,N.A,N.A,N.A,N.A,N.A,IfcBuildingElementProxyCARLOT,okay,BuildingElementProxy,#N/A,#N/A
275,BCA,Parking Lot,Barrier Free Accessibility,Generic Models,Object,N.A,Object,ARC,IfcBuildingElementProxy,*CARLOT,SGPset_BuildingElementProxy,BarrierFreeAccessibility,Boolean,N.A,N.A,TRUE/FALSE,N.A,IfcBuildingElementProxyCARLOT,okay,BuildingElementProxy,BuildingElementProxy,okay
276,BCA,Parking Lot,Family Parking Lot,Generic Models,Object,N.A,Object,ARC,IfcBuildingElementProxy,*CARLOT,SGPset_BuildingElementProxy,FamilyLot,Boolean,N.A,N.A,TRUE/FALSE,N.A,IfcBuildingElementProxyCARLOT,okay,BuildingElementProxy,BuildingElementProxy,okay
277,LTA,Parking Lot,N.A,Parking,Object,N.A,Object,ARC,IfcBuildingElementProxy,*MOTORCYCLELOT,Please refer to property sets below,Please refer to properties below,N.A,N.A,N.A,N.A,N.A,IfcBuildingElementProxyMOTORCYCLELOT,okay,BuildingElementProxy,#N/A,#N/A
278,LTA,Parking Lot,N.A,Parking,Object,N.A,Object,ARC,IfcBuildingElementProxy,*LORRYLOT,Please refer to property sets below,Please refer to properties below,N.A,N.A,N.A,N.A,N.A,IfcBuildingElementProxyLORRYLOT,okay,BuildingElementProxy,#N/A,#N/A
279,LTA,Parking Lot,N.A,Parking,Object,N.A,Object,ARC,IfcBuildingElementProxy,*COACHLOT,Please refer to property sets below,Please refer to properties below,N.A,N.A,N.A,N.A,N.A,IfcBuildingElementProxyCOACHLOT,okay,BuildingElementProxy,#N/A,#N/A
280,LTA,Parking Lot,N.A,Parking,Object,N.A,Object,ARC,IfcBuildingElementProxy,*ARTICULATEDVEHICLELOT,Please refer to property sets below,Please refer to properties below,N.A,N.A,N.A,N.A,N.A,IfcBuildingElementProxyARTICULATEDVEHICLELOT,okay,BuildingElementProxy,#N/A,#N/A
281,LTA,Parking Lot,N.A,Parking,Object,N.A,Object,ARC,IfcBuildingElementProxy,*BICYCLELOT,Please refer to property sets below,Please refer to properties below,N.A,N.A,N.A,N.A,N.A,IfcBuildingElementProxyBICYCLELOT,okay,BuildingElementProxy,#N/A,#N/A
282,LTA,Parking Lot,Length,Parking,Object,N.A,Object,ARC,IfcBuildingElementProxy,"*CARLOT, *MOTORCYCLELOT, *LORRYLOT, *COACHLOT, *ARTICULATEDVEHICLELOT, *BICYCLELOT",SGPset_BuildingElementProxyDimension,Length,Length,mm,N.A,N.A,N.A,"IfcBuildingElementProxyCARLOT, *MOTORCYCLELOT, *LORRYLOT, *COACHLOT, *ARTICULATEDVEHICLELOT, *BICYCLELOT",skip,BuildingElementProxy,BuildingElementProxy,okay
283,LTA,Parking Lot,Width,Parking,Object,N.A,Object,ARC,IfcBuildingElementProxy,"*CARLOT, *MOTORCYCLELOT, *LORRYLOT, *COACHLOT, *ARTICULATEDVEHICLELOT, *BICYCLELOT",SGPset_BuildingElementProxyDimension,Width,Length,mm,N.A,N.A,N.A,"IfcBuildingElementProxyCARLOT, *MOTORCYCLELOT, *LORRYLOT, *COACHLOT, *ARTICULATEDVEHICLELOT, *BICYCLELOT",skip,BuildingElementProxy,BuildingElementProxy,okay
284,LTA,Parking Lot,Lot Number,Generic Models,Object,N.A,Object,ARC,IfcBuildingElementProxy,"*CARLOT, *MOTORCYCLELOT, *LORRYLOT, *COACHLOT, *ARTICULATEDVEHICLELOT, *BICYCLELOT",SGPset_BuildingElementProxy,LotNumber,Label,N.A,N.A,N.A,123,"IfcBuildingElementProxyCARLOT, *MOTORCYCLELOT, *LORRYLOT, *COACHLOT, *ARTICULATEDVEHICLELOT, *BICYCLELOT",skip,BuildingElementProxy,BuildingElementProxy,okay
285,LTA,Parking Lot,Car Parking Served By Car Lift,Parking,Object,N.A,Object,ARC,IfcBuildingElementProxy,*CARLOT,SGPset_BuildingElementProxy,CarParking_ServedByCarLift,Boolean,N.A,N.A,TRUE/FALSE,N.A,IfcBuildingElementProxyCARLOT,okay,BuildingElementProxy,BuildingElementProxy,okay
286,LTA,Parking Lot,Mechanised Parking System,Parking,Object,N.A,Object,ARC,IfcBuildingElementProxy,*CARLOT,SGPset_BuildingElementProxy,MechanisedParkingSystem,Boolean,N.A,N.A,TRUE/FALSE,N.A,IfcBuildingElementProxyCARLOT,okay,BuildingElementProxy,BuildingElementProxy,okay
287,NPARKS,Parking Lot,Perforated,Parking,Object,N.A,Object,ARC,IfcBuildingElementProxy,"*CARLOT, *MOTORCYCLELOT, *LORRYLOT, *COACHLOT, *ARTICULATEDVEHICLELOT",SGPset_BuildingElementProxy,Perforated,Boolean,N.A,N.A,TRUE/FALSE,N.A,"IfcBuildingElementProxyCARLOT, *MOTORCYCLELOT, *LORRYLOT, *COACHLOT, *ARTICULATEDVEHICLELOT",skip,BuildingElementProxy,BuildingElementProxy,okay
288,NPARKS,Parking Lot,Open At Grade,Parking,Object,N.A,Object,ARC,IfcBuildingElementProxy,"*CARLOT, *MOTORCYCLELOT, *LORRYLOT, *COACHLOT, *ARTICULATEDVEHICLELOT",SGPset_BuildingElementProxy,OpenAtGrade,Boolean,N.A,N.A,TRUE/FALSE,N.A,"IfcBuildingElementProxyCARLOT, *MOTORCYCLELOT, *LORRYLOT, *COACHLOT, *ARTICULATEDVEHICLELOT",skip,BuildingElementProxy,BuildingElementProxy,okay
289,LTA,Parking Lot,Parking Use,Parking,Object,N.A,Object,ARC,IfcBuildingElementProxy,"*LORRYLOT, *COACHLOT, *ARTICULATEDVEHICLELOT",SGPset_BuildingElementProxy,ParkingUse,Label,N.A,N.A,N.A,"Electric Vehicle, Oil Tanker, Buggy, Vacuum Truck, Mobile Tanker","IfcBuildingElementProxyLORRYLOT, *COACHLOT, *ARTICULATEDVEHICLELOT",skip,BuildingElementProxy,BuildingElementProxy,okay
290,LTA,Parking Lot,Vehicle Type,Parking,Object,N.A,Object,ARC,IfcBuildingElementProxy,"*LORRYLOT, *COACHLOT, *ARTICULATEDVEHICLELOT",SGPset_BuildingElementProxy,VehicleType,Label,N.A,N.A,N.A,Rigid-framed vehicle,"IfcBuildingElementProxyLORRYLOT, *COACHLOT, *ARTICULATEDVEHICLELOT",skip,BuildingElementProxy,BuildingElementProxy,okay
291,LTA,Parking Lot,Bicycle Rack Type,Parking,Object,N.A,Object,ARC,IfcBuildingElementProxy,*BICYCLELOT,SGPset_BuildingElementProxy,BicycleRack_Type,Label,N.A,N.A,"Single-Tier Wheel Rack, Single-Tier U-Bar, Double-Tier",N.A,IfcBuildingElementProxyBICYCLELOT,okay,BuildingElementProxy,BuildingElementProxy,okay
292,LTA,Parking Lot (relevant elements),Space Name,Areas,Zone,N.A,Space,ARC,IfcSpace,SPACE,SGPset_Space,SpaceName,Label,N.A,N.A,Parking place,N.A,IfcSpaceSPACE,check,Space,Space,okay
293,BCA,Parking Lot (relevant elements),Ventilation Mode,Areas,Zone,N.A,Space,ARC,IfcSpace,SPACE,SGPset_Space,VentilationMode,Label,N.A,N.A,"Natural Ventilation, Air Conditioning, Mechanical Ventilation",N.A,IfcSpaceSPACE,check,Space,Space,okay
294,BCA,Parking Lot (relevant elements),Area,Areas,Zone,N.A,Space,ARC,IfcSpace,SPACE,SGPset_SpaceDimension,Area,Area,m2,N.A,N.A,N.A,IfcSpaceSPACE,check,Space,Space,okay
295,URA,Parking Lot (relevant elements),AGF_Name,Parking,Object,N.A,Object,ARC,IfcSpace,*AREA_GFA,SGPset_SpaceArea_GFA,AGF_Name,Label,N.A,N.A,Car Parking Lot (Mechanised),N.A,IfcSpaceAREA_GFA,okay,Space,Space,okay
296,LTA,Parking Lot (relevant elements),Length,Parking,Object,N.A,Object,ARC,IfcBuildingElementProxy,*HOLDINGBAY,SGPset_BuildingElementProxyDimension,Length,Length,mm,N.A,N.A,N.A,IfcBuildingElementProxyHOLDINGBAY,okay,BuildingElementProxy,BuildingElementProxy,okay
297,LTA,Parking Lot (relevant elements),Width,Parking,Object,N.A,Object,ARC,IfcBuildingElementProxy,*HOLDINGBAY,SGPset_BuildingElementProxyDimension,Width,Length,mm,N.A,N.A,N.A,IfcBuildingElementProxyHOLDINGBAY,okay,BuildingElementProxy,BuildingElementProxy,okay
298,LTA,Parking Lot (relevant elements),Length,Parking,Object,N.A,Object,ARC,IfcBuildingElementProxy,*QUEUINGSPACE,SGPset_BuildingElementProxyDimension,Length,Length,mm,N.A,N.A,N.A,IfcBuildingElementProxyQUEUINGSPACE,okay,BuildingElementProxy,BuildingElementProxy,okay
299,LTA,Parking Lot (relevant elements),Width,Parking,Object,N.A,Object,ARC,IfcBuildingElementProxy,*QUEUINGSPACE,SGPset_BuildingElementProxyDimension,Width,Length,mm,N.A,N.A,N.A,IfcBuildingElementProxyQUEUINGSPACE,okay,BuildingElementProxy,BuildingElementProxy,okay
300,BCA,Pile,Borehole Ref,Structural Foundations,Object,Concrete Column,Base Plate,STR,IfcPile,N.A,SGPset_Pile,BoreholeRef,Label,N.A,N.A,N.A,"BH2, BH3, BH12-2",IfcPileN.A,skip,Pile,Pile,okay
301,BCA,Pile,Breadth,Structural Foundations,Object,Concrete Column,Base Plate,STR,IfcPile,N.A,SGPset_PileDimension,Breadth,Length,mm,N.A,N.A,300,IfcPileN.A,skip,Pile,Pile,okay
302,BCA,Pile,Construction Method,Structural Foundations,Object,Concrete Column,Base Plate,STR,IfcPile,N.A,SGPset_Pile,ConstructionMethod,Label,N.A,N.A,"CIS, PC, PT (Pre), PT (Post), PF, PPVC, Spun",N.A,IfcPileN.A,skip,Pile,Pile,okay
303,BCA,Pile,CutOffLevel_SHD,Structural Foundations,Object,Concrete Column,Base Plate,STR,IfcPile,N.A,SGPset_PileDimension,CutOffLevel_SHD,Real,SHD m,N.A,N.A,-1.35,IfcPileN.A,skip,Pile,Pile,okay
304,BCA,Pile,DA1-1 Compression Capacity,Structural Foundations,Object,Concrete Column,Base Plate,STR,IfcPile,N.A,SGPset_Pile,DA1-1_CompressionCapacity,Integer,kN,N.A,N.A,5683,IfcPileN.A,skip,Pile,Pile,okay
305,BCA,Pile,DA1-1 Compression Design Load,Structural Foundations,Object,Concrete Column,Base Plate,STR,IfcPile,N.A,SGPset_PileStructuralLoad,DA1-1_CompressionDesignLoad,Integer,kN,N.A,N.A,5515,IfcPileN.A,skip,Pile,Pile,okay
306,BCA,Pile,DA1-1 Tension Capacity,Structural Foundations,Object,Concrete Column,Base Plate,STR,IfcPile,N.A,SGPset_Pile,DA1-1_TensionCapacity,Integer,kN,N.A,N.A,3655,IfcPileN.A,skip,Pile,Pile,okay
307,BCA,Pile,DA1-1 Tension Design Load,Structural Foundations,Object,Concrete Column,Base Plate,STR,IfcPile,N.A,SGPset_PileStructuralLoad,DA1-1_TensionDesignLoad,Integer,kN,N.A,N.A,3255,IfcPileN.A,skip,Pile,Pile,okay
308,BCA,Pile,DA1-2 Compression Capacity,Structural Foundations,Object,Concrete Column,Base Plate,STR,IfcPile,N.A,SGPset_Pile,DA1-2_CompressionCapacity,Integer,kN,N.A,N.A,4823,IfcPileN.A,skip,Pile,Pile,okay
309,BCA,Pile,DA1-2 Compression Design Load,Structural Foundations,Object,Concrete Column,Base Plate,STR,IfcPile,N.A,SGPset_PileStructuralLoad,DA1-2_CompressionDesignLoad,Integer,kN,N.A,N.A,4650,IfcPileN.A,skip,Pile,Pile,okay
310,BCA,Pile,DA1-2 Tension Capacity,Structural Foundations,Object,Concrete Column,Base Plate,STR,IfcPile,N.A,SGPset_Pile,DA1-2_TensionCapacity,Integer,kN,N.A,N.A,3025,IfcPileN.A,skip,Pile,Pile,okay
311,BCA,Pile,DA1-2 Tension Design Load,Structural Foundations,Object,Concrete Column,Base Plate,STR,IfcPile,N.A,SGPset_PileStructuralLoad,DA1-2_TensionDesignLoad,Integer,kN,N.A,N.A,2850,IfcPileN.A,skip,Pile,Pile,okay
312,BCA,Pile,Diameter,Structural Foundations,Object,Concrete Column,Base Plate,STR,IfcPile,N.A,SGPset_PileDimension,Diameter,Length,mm,N.A,N.A,600,IfcPileN.A,skip,Pile,Pile,okay
313,BCA,Pile,Length,Structural Foundations,Object,Concrete Column,Base Plate,STR,IfcPile,N.A,SGPset_PileDimension,Length,Length,mm,N.A,N.A,40000,IfcPileN.A,skip,Pile,Pile,okay
314,BCA,Pile,Main Rebar,Structural Foundations,Object,Concrete Column,Base Plate,STR,IfcPile,N.A,SGPset_PileReinforcement,MainRebar,Label,N.A,N.A,N.A,10H32+10H16,IfcPileN.A,skip,Pile,Pile,okay
315,BCA,Pile,Mark,Structural Foundations,Object,Concrete Column,Base Plate,STR,IfcPile,N.A,SGPset_PileDimension,Mark,Label,N.A,N.A,N.A,P156,IfcPileN.A,skip,Pile,Pile,okay
316,BCA,Pile,Material Grade,Structural Foundations,Object,Concrete Column,Base Plate,STR,IfcPile,N.A,SGPset_Material,MaterialGrade,Label,N.A,Name,"C12/15, C20/25, C30/37, C32/40, C35/45, C40/50, C50/60, C55/67, C60/75, C70/85, C80/95, S235, S275, S355, S460",N.A,IfcPileN.A,skip,Pile,Mate,check
317,BCA,Pile,Member Section,Structural Foundations,Object,Concrete Column,Base Plate,STR,IfcPile,N.A,SGPset_PileDimension,MemberSection,Label,N.A,N.A,N.A,"CHS500x3.0, 254x254x63 kg/m",IfcPileN.A,skip,Pile,Pile,okay
318,BCA,Pile,Min Embedment Into Bearing Layer SPT More Than 100 N,Structural Foundations,Object,Concrete Column,Base Plate,STR,IfcPile,N.A,SGPset_Pile,MinEmbedmentIntoBearingLayer_SPT_MoreThan_100N,Real,m,N.A,N.A,16.5,IfcPileN.A,skip,Pile,Pile,okay
319,BCA,Pile,Min Embedment Into Bearing Layer SPT More Than 60 N,Structural Foundations,Object,Concrete Column,Base Plate,STR,IfcPile,N.A,SGPset_Pile,MinEmbedmentIntoBearingLayer_SPT_MoreThan_60N,Real,m,N.A,N.A,23.2,IfcPileN.A,skip,Pile,Pile,okay
320,BCA,Pile,Min Rock Socketing Length,Structural Foundations,Object,Concrete Column,Base Plate,STR,IfcPile,N.A,SGPset_Pile,MinRockSocketingLength,Real,m,N.A,N.A,16.5,IfcPileN.A,skip,Pile,Pile,okay
321,BCA,Pile,Negative Skin Friction,Structural Foundations,Object,Concrete Column,Base Plate,STR,IfcPile,N.A,SGPset_PileStructuralLoad,NegativeSkinFriction,Integer,kN,N.A,N.A,135,IfcPileN.A,skip,Pile,Pile,okay
322,BCA,Pile,Pile Type,Structural Foundations,Object,Concrete Column,Base Plate,STR,IfcPile,N.A,SGPset_PileReinforcement,PileType,Label,N.A,N.A,"Driven, Bored, Jacked in",N.A,IfcPileN.A,skip,Pile,Pile,okay
323,BCA,Pile,Reinforcement Length,Structural Foundations,Object,Concrete Column,Base Plate,STR,IfcPile,N.A,SGPset_PileReinforcement,ReinforcementLength,Label,m,N.A,N.A,"Fully reinforced, Unreinforced, 12, 18, 24, 30, 36",IfcPileN.A,skip,Pile,Pile,okay
324,BCA,Pile,Reinforcement Steel Grade,Structural Foundations,Object,Concrete Column,Base Plate,STR,IfcPile,N.A,SGPset_Pile,ReinforcementSteelGrade,Label,N.A,N.A,"500A, 500B, 500C, 600A, 600B, 600C",N.A,IfcPileN.A,skip,Pile,Pile,okay
325,BCA,Pile,Stirrups,Structural Foundations,Object,Concrete Column,Base Plate,STR,IfcPile,N.A,SGPset_PileReinforcement,Stirrups,Label,N.A,N.A,N.A,1H16-250,IfcPileN.A,skip,Pile,Pile,okay
326,BCA,Pile,Structural Compression Capacity,Structural Foundations,Object,Concrete Column,Base Plate,STR,IfcPile,N.A,SGPset_Pile,StructuralCompressionCapacity,Integer,kN,N.A,N.A,6525,IfcPileN.A,skip,Pile,Pile,okay
327,BCA,Pile,Structural Tension Capacity,Structural Foundations,Object,Concrete Column,Base Plate,STR,IfcPile,N.A,SGPset_Pile,StructuralTensionCapacity,Integer,kN,N.A,N.A,3825,IfcPileN.A,skip,Pile,Pile,okay
328,BCA,Pile,ToeLevel_SHD,Structural Foundations,Object,Concrete Column,Base Plate,STR,IfcPile,N.A,SGPset_PileDimension,ToeLevel_SHD,Real,SHD m,N.A,N.A,-63.35,IfcPileN.A,skip,Pile,Pile,okay
329,BCA,Pile,Width,Structural Foundations,Object,Concrete Column,Base Plate,STR,IfcPile,N.A,SGPset_PileDimension,Width,Length,mm,N.A,N.A,600,IfcPileN.A,skip,Pile,Pile,okay
330,BCA,Pile,Pile Model Factor,Project Information,IFC Project Manager,N.A,Floor Manager,STR,IfcBuilding,N.A,SGPset_PilingDesignParameter,PileModelFactor,Real,N.A,N.A,N.A,1.35 / 1.55,IfcBuildingN.A,skip,Building,PilingDe,check
331,BCA,Pile,Shaft R4 Design Factor,Project Information,IFC Project Manager,N.A,Floor Manager,STR,IfcBuilding,N.A,SGPset_PilingDesignParameter,ShaftR4DesignFactor,Real,N.A,N.A,N.A,N.A,IfcBuildingN.A,skip,Building,PilingDe,check
332,BCA,Pile,End Bearing R4 Design Factor,Project Information,IFC Project Manager,N.A,Floor Manager,STR,IfcBuilding,N.A,SGPset_PilingDesignParameter,EndBearingR4DesignFactor,Real,N.A,N.A,N.A,N.A,IfcBuildingN.A,skip,Building,PilingDe,check
333,BCA,Pile,No of ULT Test,Project Information,IFC Project Manager,N.A,Floor Manager,STR,IfcBuilding,N.A,SGPset_PilingDesignParameter,NoOfULTTest,Integer,N.A,N.A,N.A,2,IfcBuildingN.A,skip,Building,PilingDe,check
334,BCA,Pile,No of Working Load Test - Maintained Load Test,Project Information,IFC Project Manager,N.A,Floor Manager,STR,IfcBuilding,N.A,SGPset_PilingDesignParameter,NoOfWorkingLoadTest_MaintainedLoadTest,Integer,N.A,N.A,N.A,3,IfcBuildingN.A,skip,Building,PilingDe,check
335,BCA,Pile,No of Working Load Test - Rapid Load Test,Project Information,IFC Project Manager,N.A,Floor Manager,STR,IfcBuilding,N.A,SGPset_PilingDesignParameter,NoOfWorkingLoadTest_RapidLoadTest,Integer,N.A,N.A,N.A,3,IfcBuildingN.A,skip,Building,PilingDe,check
336,BCA,Pile,No Of Non Destructive Test Pile,Project Information,IFC Project Manager,N.A,Floor Manager,STR,IfcBuilding,N.A,SGPset_PilingDesignParameter,NoOfNonDestructiveTestPile,Integer,N.A,N.A,N.A,8,IfcBuildingN.A,skip,Building,PilingDe,check
337,PUB,Pipes/ Ducts,N.A,Pipes,Pipe,N.A,Pipe,MEP,IfcPipeSegment,RIGIDSEGMENT,Please refer to property sets below,Please refer to properties below,N.A,N.A,N.A,N.A,N.A,IfcPipeSegmentRIGIDSEGMENT,check,PipeSegment,#N/A,#N/A
338,PUB,Pipes/ Ducts,N.A,Pipes,Pipe,N.A,Pipe,MEP,IfcPipeSegment,FLEXIBLESEGMENT,Please refer to property sets below,Please refer to properties below,N.A,N.A,N.A,N.A,N.A,IfcPipeSegmentFLEXIBLESEGMENT,check,PipeSegment,#N/A,#N/A
339,BCA,Pipes/ Ducts,Pre-insulated,Pipes,Pipe,N.A,Pipe,MEP,IfcPipeSegment,"RIGIDSEGMENT, FLEXIBLESEGMENT",SGPset_PipeSegment,PreInsulated,Boolean,N.A,N.A,TRUE/FALSE,N.A,"IfcPipeSegmentRIGIDSEGMENT, FLEXIBLESEGMENT",skip,PipeSegment,PipeSegment,okay
340,NPARKS,Pipes/ Ducts,Perforated,Pipes,Pipe,N.A,Pipe,MEP,IfcPipeSegment,"RIGIDSEGMENT, FLEXIBLESEGMENT",SGPset_PipeSegment,Perforated,Boolean,N.A,N.A,TRUE/FALSE,N.A,"IfcPipeSegmentRIGIDSEGMENT, FLEXIBLESEGMENT",skip,PipeSegment,PipeSegment,okay
341,BCA,Pipes/ Ducts,Construction Method,Pipes,Pipe,N.A,Pipe,MEP,IfcPipeSegment,"RIGIDSEGMENT, FLEXIBLESEGMENT",SGPset_PipeSegment,ConstructionMethod,Label,N.A,N.A,N.A,N.A,"IfcPipeSegmentRIGIDSEGMENT, FLEXIBLESEGMENT",skip,PipeSegment,PipeSegment,okay
342,PUB,Pipes/ Ducts,Material,Pipes,Pipe,N.A,Pipe,MEP,IfcPipeSegment,"RIGIDSEGMENT, FLEXIBLESEGMENT",SGPset_Material,Material,Label,N.A,Name,N.A,N.A,"IfcPipeSegmentRIGIDSEGMENT, FLEXIBLESEGMENT",skip,PipeSegment,Material,check
343,PUB,Pipes/ Ducts,Gradient,Pipes,Pipe,N.A,Pipe,MEP,IfcPipeSegment,"RIGIDSEGMENT, FLEXIBLESEGMENT",SGPset_PipeSegment,Gradient,Label,N.A,N.A,N.A,1:100,"IfcPipeSegmentRIGIDSEGMENT, FLEXIBLESEGMENT",skip,PipeSegment,PipeSegment,okay
344,PUB,Pipes/ Ducts,Inner Diameter,Pipes,Pipe,N.A,Pipe,MEP,IfcPipeSegment,"RIGIDSEGMENT, FLEXIBLESEGMENT",SGPset_PipeSegmentDimension,InnerDiameter,Length,mm,N.A,N.A,N.A,"IfcPipeSegmentRIGIDSEGMENT, FLEXIBLESEGMENT",skip,PipeSegment,PipeSegment,okay
345,PUB,Pipes/ Ducts,Length,Pipes,Pipe,N.A,Pipe,MEP,IfcPipeSegment,"RIGIDSEGMENT, FLEXIBLESEGMENT",SGPset_PipeSegmentDimension,Length,Length,mm,N.A,N.A,N.A,"IfcPipeSegmentRIGIDSEGMENT, FLEXIBLESEGMENT",skip,PipeSegment,PipeSegment,okay
346,PUB,Pipes/ Ducts,Thickness,Pipes,Pipe,N.A,Pipe,MEP,IfcPipeSegment,"RIGIDSEGMENT, FLEXIBLESEGMENT",SGPset_PipeSegmentDimension,Thickness,Length,mm,N.A,N.A,N.A,"IfcPipeSegmentRIGIDSEGMENT, FLEXIBLESEGMENT",skip,PipeSegment,PipeSegment,okay
347,NEA,Pipes/ Ducts,Trade Effluent,Pipes,Pipe,N.A,Pipe,MEP,IfcPipeSegment,"RIGIDSEGMENT, FLEXIBLESEGMENT",SGPset_PipeSegment,TradeEffluent,Boolean,N.A,N.A,TRUE/FALSE,N.A,"IfcPipeSegmentRIGIDSEGMENT, FLEXIBLESEGMENT",skip,PipeSegment,PipeSegment,okay
348,PUB,Pipes/ Ducts,Demountable Structure Above Pipe,Pipes,Pipe,N.A,Pipe,MEP,IfcPipeSegment,"RIGIDSEGMENT, FLEXIBLESEGMENT",SGPset_PipeSegment,DemountableStructureAbovePipe,Boolean,N.A,N.A,TRUE/FALSE,N.A,"IfcPipeSegmentRIGIDSEGMENT, FLEXIBLESEGMENT",skip,PipeSegment,PipeSegment,okay
349,PUB,Pipes/ Ducts,System Type,Pipes,Pipe,N.A,Pipe,MEP,IfcPipeSegment,"RIGIDSEGMENT, FLEXIBLESEGMENT",SGPset_PipeSegment,SystemType,Label,N.A,N.A,N.A,"Sanitary, Sewerage","IfcPipeSegmentRIGIDSEGMENT, FLEXIBLESEGMENT",skip,PipeSegment,PipeSegment,okay
350,PUB,Pipes/ Ducts,System Name,Pipes,Pipe,N.A,Pipe,MEP,IfcPipeSegment,"RIGIDSEGMENT, FLEXIBLESEGMENT",SGPset_PipeSegment,SystemName,Label,N.A,N.A,N.A,N.A,"IfcPipeSegmentRIGIDSEGMENT, FLEXIBLESEGMENT",skip,PipeSegment,PipeSegment,okay
351,BCA,Pipes/ Ducts,Pre-insulated,Duct Fittings,Duct Fitting,N.A,Duct Accessory,MEP,IfcDuctFitting,N.A,SGPset_DuctFitting,PreInsulated,Boolean,N.A,N.A,TRUE/FALSE,N.A,IfcDuctFittingN.A,skip,DuctFitting,DuctFitting,okay
352,BCA,Pipes/ Ducts,Construction Method,Duct Fittings,Duct Fitting,N.A,Duct Accessory,MEP,IfcDuctFitting,N.A,SGPset_DuctFitting,ConstructionMethod,Label,N.A,N.A,N.A,N.A,IfcDuctFittingN.A,skip,DuctFitting,DuctFitting,okay
353,NEA,Pipes/ Ducts,Trade Effluent,Duct Fittings,Duct Fitting,N.A,Duct Accessory,MEP,IfcDuctFitting,N.A,SGPset_DuctFitting,TradeEffluent,Boolean,N.A,N.A,TRUE/FALSE,N.A,IfcDuctFittingN.A,skip,DuctFitting,DuctFitting,okay
354,BCA,Pipes/ Ducts,System Type,Duct Fittings,Duct Fitting,N.A,Duct Accessory,MEP,IfcDuctFitting,N.A,SGPset_DuctFitting,SystemType,Label,N.A,N.A,N.A,"Sanitary, Sewerage, Kitchen Exhaust Air, Genset Exhaust Air, ACMV Exhaust Air, ACMV Fresh Air Intake, Pollution Control Equipment Exhaust Air, PWCS Exhaust Air, PWCS Air Intake, Carpark Exhaust Air, Carpark Fresh Air Intake",IfcDuctFittingN.A,skip,DuctFitting,DuctFitting,okay
355,BCA,Pipes/ Ducts,System Name,Duct Fittings,Duct Fitting,N.A,Duct Accessory,MEP,IfcDuctFitting,N.A,SGPset_DuctFitting,SystemName,Label,N.A,N.A,N.A,N.A,IfcDuctFittingN.A,skip,DuctFitting,DuctFitting,okay
356,BCA,Pipes/ Ducts,Pre-insulated,Ducts,Duct,N.A,Duct,MEP,IfcDuctSegment,N.A,SGPset_DuctSegment,PreInsulated,Boolean,N.A,N.A,TRUE/FALSE,N.A,IfcDuctSegmentN.A,skip,DuctSegment,DuctSegment,okay
357,BCA,Pipes/ Ducts,Construction Method,Ducts,Duct,N.A,Duct,MEP,IfcDuctSegment,N.A,SGPset_DuctSegment,ConstructionMethod,Label,N.A,N.A,N.A,N.A,IfcDuctSegmentN.A,skip,DuctSegment,DuctSegment,okay
358,NEA,Pipes/ Ducts,Trade Effluent,Ducts,Duct,N.A,Duct,MEP,IfcDuctSegment,N.A,SGPset_DuctSegment,TradeEffluent,Boolean,N.A,N.A,TRUE/FALSE,N.A,IfcDuctSegmentN.A,skip,DuctSegment,DuctSegment,okay
359,BCA,Pipes/ Ducts,System Type,Ducts,Duct,N.A,Duct,MEP,IfcDuctSegment,N.A,SGPset_DuctSegment,SystemType,Label,N.A,N.A,N.A,"Sanitary, Sewerage, Kitchen Exhaust Air, Genset Exhaust Air, ACMV Exhaust Air, ACMV Fresh Air Intake, Pollution Control Equipment Exhaust Air, PWCS Exhaust Air, PWCS Air Intake, Carpark Exhaust Air, Carpark Fresh Air Intake",IfcDuctSegmentN.A,skip,DuctSegment,DuctSegment,okay
360,BCA,Pipes/ Ducts,System Name,Ducts,Duct,N.A,Duct,MEP,IfcDuctSegment,N.A,SGPset_DuctSegment,SystemName,Label,N.A,N.A,N.A,N.A,IfcDuctSegmentN.A,skip,DuctSegment,DuctSegment,okay
361,NEA,Pipes/ Ducts,N.A,Pipe Fittings,Pipe Fitting,N.A,Pipe Accessory,MEP,IfcPipeFitting,BEND,Please refer to property sets below,Please refer to properties below,N.A,N.A,N.A,N.A,N.A,IfcPipeFittingBEND,check,PipeFitting,#N/A,#N/A
362,PUB,Pipes/ Ducts,N.A,Pipe Fittings,Pipe Fitting,N.A,Pipe Accessory,MEP,IfcPipeFitting,*DRAINCHANNELBEND,Please refer to property sets below,Please refer to properties below,N.A,N.A,N.A,N.A,N.A,IfcPipeFittingDRAINCHANNELBEND,okay,PipeFitting,#N/A,#N/A
363,PUB,Pipes/ Ducts,N.A,Pipe Fittings,Pipe Fitting,N.A,Pipe Accessory,MEP,IfcPipeFitting,ENTRY,Please refer to property sets below,Please refer to properties below,N.A,N.A,N.A,N.A,N.A,IfcPipeFittingENTRY,check,PipeFitting,#N/A,#N/A
364,PUB,Pipes/ Ducts,N.A,Pipe Fittings,Pipe Fitting,N.A,Pipe Accessory,MEP,IfcPipeFitting,EXIT,Please refer to property sets below,Please refer to properties below,N.A,N.A,N.A,N.A,N.A,IfcPipeFittingEXIT,check,PipeFitting,#N/A,#N/A
365,PUB,Pipes/ Ducts,N.A,Pipe Fittings,Pipe Fitting,N.A,Pipe Accessory,MEP,IfcPipeFitting,*FLANGEADAPTOR,Please refer to property sets below,Please refer to properties below,N.A,N.A,N.A,N.A,N.A,IfcPipeFittingFLANGEADAPTOR,okay,PipeFitting,#N/A,#N/A
366,PUB,Pipes/ Ducts,N.A,Pipe Fittings,Pipe Fitting,N.A,Pipe Accessory,MEP,IfcPipeFitting,*FLEXIBLECOUPLING,Please refer to property sets below,Please refer to properties below,N.A,N.A,N.A,N.A,N.A,IfcPipeFittingFLEXIBLECOUPLING,okay,PipeFitting,#N/A,#N/A
367,PUB,Pipes/ Ducts,N.A,Pipe Fittings,Pipe Fitting,N.A,Pipe Accessory,MEP,IfcPipeFitting,JUNCTION,Please refer to property sets below,Please refer to properties below,N.A,N.A,N.A,N.A,N.A,IfcPipeFittingJUNCTION,check,PipeFitting,#N/A,#N/A
368,PUB,Pipes/ Ducts,N.A,Pipe Fittings,Pipe Fitting,N.A,Pipe Accessory,MEP,IfcPipeFitting,OBSTRUCTION,Please refer to property sets below,Please refer to properties below,N.A,N.A,N.A,N.A,N.A,IfcPipeFittingOBSTRUCTION,check,PipeFitting,#N/A,#N/A
369,PUB,Pipes/ Ducts,N.A,Pipe Fittings,Pipe Fitting,N.A,Pipe Accessory,MEP,IfcPipeFitting,*PIPESILENCER,Please refer to property sets below,Please refer to properties below,N.A,N.A,N.A,N.A,N.A,IfcPipeFittingPIPESILENCER,okay,PipeFitting,#N/A,#N/A
370,PUB,Pipes/ Ducts,N.A,Pipe Fittings,Pipe Fitting,N.A,Pipe Accessory,MEP,IfcPipeFitting,*SHORTPIECE,Please refer to property sets below,Please refer to properties below,N.A,N.A,N.A,N.A,N.A,IfcPipeFittingSHORTPIECE,okay,PipeFitting,#N/A,#N/A
371,PUB,Pipes/ Ducts,Inner Diameter,Pipe Fittings,Pipe Fitting,N.A,Pipe Accessory,MEP,IfcPipeFitting,"BEND, *DRAINCHANNELBEND, ENTRY, EXIT, *FLANGEADAPTOR, *FLEXIBLECOUPLING, JUNCTION, OBSTRUCTION, *PIPESILENCER, *SHORTPIECE",SGPset_PipeFittingDimension,InnerDiameter,Length,mm,N.A,N.A,N.A,"IfcPipeFittingBEND, *DRAINCHANNELBEND, ENTRY, EXIT, *FLANGEADAPTOR, *FLEXIBLECOUPLING, JUNCTION, OBSTRUCTION, *PIPESILENCER, *SHORTPIECE",skip,PipeFitting,PipeFitting,okay
372,NEA,Pipes/ Ducts,Nominal Diameter,Pipe Fittings,Pipe Fitting,N.A,Pipe Accessory,MEP,IfcPipeFitting,"BEND, *DRAINCHANNELBEND, ENTRY, EXIT, *FLANGEADAPTOR, *FLEXIBLECOUPLING, JUNCTION, OBSTRUCTION, *PIPESILENCER, *SHORTPIECE",SGPset_PipeFittingDimension,NominalDiameter,Length,mm,N.A,N.A,N.A,"IfcPipeFittingBEND, *DRAINCHANNELBEND, ENTRY, EXIT, *FLANGEADAPTOR, *FLEXIBLECOUPLING, JUNCTION, OBSTRUCTION, *PIPESILENCER, *SHORTPIECE",skip,PipeFitting,PipeFitting,okay
373,PUB,Pipes/ Ducts,Outer Diameter,Pipe Fittings,Pipe Fitting,N.A,Pipe Accessory,MEP,IfcPipeFitting,"BEND, *DRAINCHANNELBEND, ENTRY, EXIT, *FLANGEADAPTOR, *FLEXIBLECOUPLING, JUNCTION, OBSTRUCTION, *PIPESILENCER, *SHORTPIECE",SGPset_PipeFittingDimension,OuterDiameter,Length,mm,N.A,N.A,N.A,"IfcPipeFittingBEND, *DRAINCHANNELBEND, ENTRY, EXIT, *FLANGEADAPTOR, *FLEXIBLECOUPLING, JUNCTION, OBSTRUCTION, *PIPESILENCER, *SHORTPIECE",skip,PipeFitting,PipeFitting,okay
374,PUB,Pipes/ Ducts,Thickness,Pipe Fittings,Pipe Fitting,N.A,Pipe Accessory,MEP,IfcPipeFitting,"BEND, *DRAINCHANNELBEND, ENTRY, EXIT, *FLANGEADAPTOR, *FLEXIBLECOUPLING, JUNCTION, OBSTRUCTION, *PIPESILENCER, *SHORTPIECE",SGPset_PipeFittingDimension,Thickness,Length,mm,N.A,N.A,N.A,"IfcPipeFittingBEND, *DRAINCHANNELBEND, ENTRY, EXIT, *FLANGEADAPTOR, *FLEXIBLECOUPLING, JUNCTION, OBSTRUCTION, *PIPESILENCER, *SHORTPIECE",skip,PipeFitting,PipeFitting,okay
375,PUB,Pipes/ Ducts,System Type,Pipe Fittings,Pipe Fitting,N.A,Pipe Accessory,MEP,IfcPipeFitting,"BEND, *DRAINCHANNELBEND, ENTRY, EXIT, *FLANGEADAPTOR, *FLEXIBLECOUPLING, JUNCTION, OBSTRUCTION, *PIPESILENCER, *SHORTPIECE",SGPset_PipeFitting,SystemType,Label,N.A,N.A,N.A,"Sanitary, Sewerage","IfcPipeFittingBEND, *DRAINCHANNELBEND, ENTRY, EXIT, *FLANGEADAPTOR, *FLEXIBLECOUPLING, JUNCTION, OBSTRUCTION, *PIPESILENCER, *SHORTPIECE",skip,PipeFitting,PipeFitting,okay
376,PUB,Pipes/ Ducts,System Name,Pipe Fittings,Pipe Fitting,N.A,Pipe Accessory,MEP,IfcPipeFitting,"BEND, *DRAINCHANNELBEND, ENTRY, EXIT, *FLANGEADAPTOR, *FLEXIBLECOUPLING, JUNCTION, OBSTRUCTION, *PIPESILENCER, *SHORTPIECE",SGPset_PipeFitting,SystemName,Label,N.A,N.A,N.A,N.A,"IfcPipeFittingBEND, *DRAINCHANNELBEND, ENTRY, EXIT, *FLANGEADAPTOR, *FLEXIBLECOUPLING, JUNCTION, OBSTRUCTION, *PIPESILENCER, *SHORTPIECE",skip,PipeFitting,PipeFitting,okay
377,BCA,Pipes/ Ducts,N.A,Mechanical Equipment,Object,N.A,Object,MEP,IfcAirTerminal,GRILLE,Please refer to property sets below,Please refer to properties below,N.A,N.A,N.A,N.A,N.A,IfcAirTerminalGRILLE,check,AirTerminal,#N/A,#N/A
378,BCA,Pipes/ Ducts,N.A,Mechanical Equipment,Object,N.A,Object,MEP,IfcAirTerminal,LOUVRE,Please refer to property sets below,Please refer to properties below,N.A,N.A,N.A,N.A,N.A,IfcAirTerminalLOUVRE,check,AirTerminal,#N/A,#N/A
379,BCA,Pipes/ Ducts,System Type,Mechanical Equipment,Object,N.A,Object,MEP,IfcAirTerminal,"GRILLE, LOUVRE",SGPset_AirTerminal,SystemType,Label,N.A,N.A,N.A,"Sanitary, Sewerage, Kitchen Exhaust Air, Genset Exhaust Air, ACMV Exhaust Air, ACMV Fresh Air Intake, Pollution Control Equipment Exhaust Air, PWCS Exhaust Air, PWCS Air Intake, Carpark Exhaust Air, Carpark Fresh Air Intake","IfcAirTerminalGRILLE, LOUVRE",skip,,,
380,BCA,Pipes/ Ducts,System Name,Mechanical Equipment,Object,N.A,Object,MEP,IfcAirTerminal,"GRILLE, LOUVRE",SGPset_AirTerminal,SystemName,Label,N.A,N.A,N.A,N.A,"IfcAirTerminalGRILLE, LOUVRE",skip,,,
381,NEA,Pipes/ Ducts,N.A,Pipes,Pipe,N.A,Pipe,MEP,IfcPipeSegment,*SCUPPERDRAIN,N.A,N.A,N.A,N.A,N.A,N.A,N.A,IfcPipeSegmentSCUPPERDRAIN,okay,PipeSegment,#N/A,#N/A
382,PUB,Pipes/ Ducts,N.A,Pipes,Pipe,N.A,Pipe,MEP,IfcPipeSegment,SPOOL,N.A,N.A,N.A,N.A,N.A,N.A,N.A,IfcPipeSegmentSPOOL,check,PipeSegment,#N/A,#N/A
383,NEA,Pipes/ Ducts,N.A,Pipes,Pipe,N.A,Pipe,MEP,IfcPipeSegment,*FLARESTACK,N.A,N.A,N.A,N.A,N.A,N.A,N.A,IfcPipeSegmentFLARESTACK,okay,PipeSegment,#N/A,#N/A
384,NEA,Pipes/ Ducts,N.A,Pipes,Pipe,N.A,Pipe,MEP,IfcPipeSegment,*RAINWATEROUTLET,N.A,N.A,N.A,N.A,N.A,N.A,N.A,IfcPipeSegmentRAINWATEROUTLET,okay,PipeSegment,#N/A,#N/A
385,URA,Planter Box/ Planting Trough,N.A,Furniture,Object,N.A,Furniture,ARC,IfcFurniture,*PLANTERBOX,N.A,N.A,N.A,N.A,N.A,N.A,N.A,IfcFurniturePLANTERBOX,okay,Furniture,#N/A,#N/A
386,NParks,Planter Box/ Planting Trough,N.A,Generic Models,Object,N.A,Object,ARC,IfcBuildingElementProxy,*LANDSCAPE_PLANTINGTROUGH,N.A,N.A,N.A,N.A,N.A,N.A,N.A,IfcBuildingElementProxyLANDSCAPE_PLANTINGTROUGH,okay,BuildingElementProxy,#N/A,#N/A
387,NPARKS,Planting Areas,Area,Toposolid,Mesh,N.A,Mesh,ARC,IfcGeographicElement,*PLANTINGAREAS,SGPset_GeographicElementDimension,Area,Area,m2,N.A,N.A,N.A,IfcGeographicElementPLANTINGAREAS,okay,GeographicElement,GeographicElement,okay
388,NPARKS,Planting Areas,Approved Soil Mixture,Toposolid,Mesh,N.A,Mesh,ARC,IfcGeographicElement,*PLANTINGAREAS,SGPset_GeographicElement,ApprovedSoilMixture,Boolean,N.A,N.A,TRUE/FALSE,N.A,IfcGeographicElementPLANTINGAREAS,okay,GeographicElement,GeographicElement,okay
389,NPARKS,Planting Areas,Status,Toposolid,Mesh,N.A,Mesh,ARC,IfcGeographicElement,*PLANTINGAREAS,SGPset_GeographicElement,Status,Label,N.A,N.A,"Existing, Proposed, New, To be Removed",N.A,IfcGeographicElementPLANTINGAREAS,okay,GeographicElement,GeographicElement,okay
390,NPARKS,Planting Areas,Turf,Toposolid,Mesh,N.A,Mesh,ARC,IfcGeographicElement,*PLANTINGAREAS,SGPset_GeographicElement,Turf,Boolean,N.A,N.A,TRUE/FALSE,N.A,IfcGeographicElementPLANTINGAREAS,okay,GeographicElement,GeographicElement,okay
391,NPARKS,Planting Areas,Turf Species,Toposolid,Mesh,N.A,Mesh,ARC,IfcGeographicElement,*PLANTINGAREAS,SGPset_GeographicElement,TurfSpecies,Label,N.A,N.A,N.A,N.A,IfcGeographicElementPLANTINGAREAS,okay,GeographicElement,GeographicElement,okay
392,NPARKS,Planting Areas,Compensated,Toposolid,Mesh,N.A,Mesh,ARC,IfcGeographicElement,*PLANTINGAREAS,SGPset_GeographicElement,Compensated,Boolean,N.A,N.A,TRUE/FALSE,N.A,IfcGeographicElementPLANTINGAREAS,okay,GeographicElement,GeographicElement,okay
393,NPARKS,Planting Areas,Encroachment,Toposolid,Mesh,N.A,Mesh,ARC,IfcGeographicElement,*PLANTINGAREAS,SGPset_GeographicElement,Encroachment,Boolean,N.A,N.A,TRUE/FALSE,N.A,IfcGeographicElementPLANTINGAREAS,okay,GeographicElement,GeographicElement,okay
394,NPARKS,Planting Areas,Carpark Provision,Toposolid,Mesh,N.A,Mesh,ARC,IfcGeographicElement,*PLANTINGAREAS,SGPset_GeographicElement,CarparkProvision,Boolean,N.A,N.A,TRUE/FALSE,N.A,IfcGeographicElementPLANTINGAREAS,okay,GeographicElement,GeographicElement,okay
395,NEA,Pollution Control,N.A,Generic Models,Object,N.A,Object,ARC,IfcUnitaryEquipment,*AIRIMPURITIESSENSOR,Please refer to property sets below,Please refer to properties below,N.A,N.A,N.A,N.A,N.A,IfcUnitaryEquipmentAIRIMPURITIESSENSOR,okay,UnitaryEquipment,#N/A,#N/A
396,NEA,Pollution Control,N.A,Generic Models,Object,N.A,Object,ARC,IfcUnitaryEquipment,*FUELBURNINGEQUIPMENT,Please refer to property sets below,Please refer to properties below,N.A,N.A,N.A,N.A,N.A,IfcUnitaryEquipmentFUELBURNINGEQUIPMENT,okay,UnitaryEquipment,#N/A,#N/A
397,NEA,Pollution Control,N.A,Generic Models,Object,N.A,Object,ARC,IfcUnitaryEquipment,*INCINERATOR,Please refer to property sets below,Please refer to properties below,N.A,N.A,N.A,N.A,N.A,IfcUnitaryEquipmentINCINERATOR,okay,UnitaryEquipment,#N/A,#N/A
398,NEA,Pollution Control,N.A,Generic Models,Object,N.A,Object,ARC,IfcUnitaryEquipment,*POLLUTIONCONTROLEQUIPMENT,Please refer to property sets below,Please refer to properties below,N.A,N.A,N.A,N.A,N.A,IfcUnitaryEquipmentPOLLUTIONCONTROLEQUIPMENT,okay,UnitaryEquipment,#N/A,#N/A
399,NEA,Pollution Control,Air Impurities Ammonia And Ammonium,Generic Models,Object,N.A,Object,ARC,IfcUnitaryEquipment,"*AIRIMPURITIESSENSOR, *FUELBURNINGEQUIPMENT, *INCINERATOR, *POLLUTIONCONTROLEQUIPMENT",SGPset_UnitaryEquipment,AI_AmmoniaAndAmmonium,Label,N.A,N.A,N.A,N.A,"IfcUnitaryEquipmentAIRIMPURITIESSENSOR, *FUELBURNINGEQUIPMENT, *INCINERATOR, *POLLUTIONCONTROLEQUIPMENT",skip,UnitaryEquipment,UnitaryEquipment,okay
400,NEA,Pollution Control,Air Impurities Antimony,Generic Models,Object,N.A,Object,ARC,IfcUnitaryEquipment,"*AIRIMPURITIESSENSOR, *FUELBURNINGEQUIPMENT, *INCINERATOR, *POLLUTIONCONTROLEQUIPMENT",SGPset_UnitaryEquipment,AI_Antimony,Label,N.A,N.A,N.A,N.A,"IfcUnitaryEquipmentAIRIMPURITIESSENSOR, *FUELBURNINGEQUIPMENT, *INCINERATOR, *POLLUTIONCONTROLEQUIPMENT",skip,UnitaryEquipment,UnitaryEquipment,okay
401,NEA,Pollution Control,Air Impurities Arsenic,Generic Models,Object,N.A,Object,ARC,IfcUnitaryEquipment,"*AIRIMPURITIESSENSOR, *FUELBURNINGEQUIPMENT, *INCINERATOR, *POLLUTIONCONTROLEQUIPMENT",SGPset_UnitaryEquipment,AI_Arsenic,Label,N.A,N.A,N.A,N.A,"IfcUnitaryEquipmentAIRIMPURITIESSENSOR, *FUELBURNINGEQUIPMENT, *INCINERATOR, *POLLUTIONCONTROLEQUIPMENT",skip,UnitaryEquipment,UnitaryEquipment,okay
402,NEA,Pollution Control,Air Impurities Benzene,Generic Models,Object,N.A,Object,ARC,IfcUnitaryEquipment,"*AIRIMPURITIESSENSOR, *FUELBURNINGEQUIPMENT, *INCINERATOR, *POLLUTIONCONTROLEQUIPMENT",SGPset_UnitaryEquipment,AI_Benzene,Label,N.A,N.A,N.A,N.A,"IfcUnitaryEquipmentAIRIMPURITIESSENSOR, *FUELBURNINGEQUIPMENT, *INCINERATOR, *POLLUTIONCONTROLEQUIPMENT",skip,UnitaryEquipment,UnitaryEquipment,okay
403,NEA,Pollution Control,Air Impurities Cadmium,Generic Models,Object,N.A,Object,ARC,IfcUnitaryEquipment,"*AIRIMPURITIESSENSOR, *FUELBURNINGEQUIPMENT, *INCINERATOR, *POLLUTIONCONTROLEQUIPMENT",SGPset_UnitaryEquipment,AI_Cadmium,Label,N.A,N.A,N.A,N.A,"IfcUnitaryEquipmentAIRIMPURITIESSENSOR, *FUELBURNINGEQUIPMENT, *INCINERATOR, *POLLUTIONCONTROLEQUIPMENT",skip,UnitaryEquipment,UnitaryEquipment,okay
404,NEA,Pollution Control,Air Impurities Carbon Monoxide,Generic Models,Object,N.A,Object,ARC,IfcUnitaryEquipment,"*AIRIMPURITIESSENSOR, *FUELBURNINGEQUIPMENT, *INCINERATOR, *POLLUTIONCONTROLEQUIPMENT",SGPset_UnitaryEquipment,AI_CarbonMonoxide,Label,N.A,N.A,N.A,N.A,"IfcUnitaryEquipmentAIRIMPURITIESSENSOR, *FUELBURNINGEQUIPMENT, *INCINERATOR, *POLLUTIONCONTROLEQUIPMENT",skip,UnitaryEquipment,UnitaryEquipment,okay
405,NEA,Pollution Control,Air Impurities Chlorine,Generic Models,Object,N.A,Object,ARC,IfcUnitaryEquipment,"*AIRIMPURITIESSENSOR, *FUELBURNINGEQUIPMENT, *INCINERATOR, *POLLUTIONCONTROLEQUIPMENT",SGPset_UnitaryEquipment,AI_Chlorine,Label,N.A,N.A,N.A,N.A,"IfcUnitaryEquipmentAIRIMPURITIESSENSOR, *FUELBURNINGEQUIPMENT, *INCINERATOR, *POLLUTIONCONTROLEQUIPMENT",skip,UnitaryEquipment,UnitaryEquipment,okay
406,NEA,Pollution Control,Air Impurities Copper,Generic Models,Object,N.A,Object,ARC,IfcUnitaryEquipment,"*AIRIMPURITIESSENSOR, *FUELBURNINGEQUIPMENT, *INCINERATOR, *POLLUTIONCONTROLEQUIPMENT",SGPset_UnitaryEquipment,AI_Copper,Label,N.A,N.A,N.A,N.A,"IfcUnitaryEquipmentAIRIMPURITIESSENSOR, *FUELBURNINGEQUIPMENT, *INCINERATOR, *POLLUTIONCONTROLEQUIPMENT",skip,UnitaryEquipment,UnitaryEquipment,okay
407,NEA,Pollution Control,Air Impurities Dioxins and Furans,Generic Models,Object,N.A,Object,ARC,IfcUnitaryEquipment,"*AIRIMPURITIESSENSOR, *FUELBURNINGEQUIPMENT, *INCINERATOR, *POLLUTIONCONTROLEQUIPMENT",SGPset_UnitaryEquipment,AI_DioxinsAndFurans,Label,N.A,N.A,N.A,N.A,"IfcUnitaryEquipmentAIRIMPURITIESSENSOR, *FUELBURNINGEQUIPMENT, *INCINERATOR, *POLLUTIONCONTROLEQUIPMENT",skip,UnitaryEquipment,UnitaryEquipment,okay
408,NEA,Pollution Control,Air Impurities Ethylene Oxide,Generic Models,Object,N.A,Object,ARC,IfcUnitaryEquipment,"*AIRIMPURITIESSENSOR, *FUELBURNINGEQUIPMENT, *INCINERATOR, *POLLUTIONCONTROLEQUIPMENT",SGPset_UnitaryEquipment,AI_EthyleneOxide,Label,N.A,N.A,N.A,N.A,"IfcUnitaryEquipmentAIRIMPURITIESSENSOR, *FUELBURNINGEQUIPMENT, *INCINERATOR, *POLLUTIONCONTROLEQUIPMENT",skip,UnitaryEquipment,UnitaryEquipment,okay
409,NEA,Pollution Control,Air Impurities Flourine And Hydrofluoric Acid,Generic Models,Object,N.A,Object,ARC,IfcUnitaryEquipment,"*AIRIMPURITIESSENSOR, *FUELBURNINGEQUIPMENT, *INCINERATOR, *POLLUTIONCONTROLEQUIPMENT",SGPset_UnitaryEquipment,AI_FlourineAndHydrofluoricAcid,Label,N.A,N.A,N.A,N.A,"IfcUnitaryEquipmentAIRIMPURITIESSENSOR, *FUELBURNINGEQUIPMENT, *INCINERATOR, *POLLUTIONCONTROLEQUIPMENT",skip,UnitaryEquipment,UnitaryEquipment,okay
410,NEA,Pollution Control,Air Impurities Formaldehyde,Generic Models,Object,N.A,Object,ARC,IfcUnitaryEquipment,"*AIRIMPURITIESSENSOR, *FUELBURNINGEQUIPMENT, *INCINERATOR, *POLLUTIONCONTROLEQUIPMENT",SGPset_UnitaryEquipment,AI_Formaldehyde,Label,N.A,N.A,N.A,N.A,"IfcUnitaryEquipmentAIRIMPURITIESSENSOR, *FUELBURNINGEQUIPMENT, *INCINERATOR, *POLLUTIONCONTROLEQUIPMENT",skip,UnitaryEquipment,UnitaryEquipment,okay
411,NEA,Pollution Control,Air Impurities Hydrogen Chloride,Generic Models,Object,N.A,Object,ARC,IfcUnitaryEquipment,"*AIRIMPURITIESSENSOR, *FUELBURNINGEQUIPMENT, *INCINERATOR, *POLLUTIONCONTROLEQUIPMENT",SGPset_UnitaryEquipment,AI_HydrogenChloride,Label,N.A,N.A,N.A,N.A,"IfcUnitaryEquipmentAIRIMPURITIESSENSOR, *FUELBURNINGEQUIPMENT, *INCINERATOR, *POLLUTIONCONTROLEQUIPMENT",skip,UnitaryEquipment,UnitaryEquipment,okay
412,NEA,Pollution Control,Air Impurities Hydrogen Sulphide,Generic Models,Object,N.A,Object,ARC,IfcUnitaryEquipment,"*AIRIMPURITIESSENSOR, *FUELBURNINGEQUIPMENT, *INCINERATOR, *POLLUTIONCONTROLEQUIPMENT",SGPset_UnitaryEquipment,AI_HydrogenSulphide,Label,N.A,N.A,N.A,N.A,"IfcUnitaryEquipmentAIRIMPURITIESSENSOR, *FUELBURNINGEQUIPMENT, *INCINERATOR, *POLLUTIONCONTROLEQUIPMENT",skip,UnitaryEquipment,UnitaryEquipment,okay
413,NEA,Pollution Control,Air Impurities Lead,Generic Models,Object,N.A,Object,ARC,IfcUnitaryEquipment,"*AIRIMPURITIESSENSOR, *FUELBURNINGEQUIPMENT, *INCINERATOR, *POLLUTIONCONTROLEQUIPMENT",SGPset_UnitaryEquipment,AI_Lead,Label,N.A,N.A,N.A,N.A,"IfcUnitaryEquipmentAIRIMPURITIESSENSOR, *FUELBURNINGEQUIPMENT, *INCINERATOR, *POLLUTIONCONTROLEQUIPMENT",skip,UnitaryEquipment,UnitaryEquipment,okay
414,NEA,Pollution Control,Air Impurities Mercury,Generic Models,Object,N.A,Object,ARC,IfcUnitaryEquipment,"*AIRIMPURITIESSENSOR, *FUELBURNINGEQUIPMENT, *INCINERATOR, *POLLUTIONCONTROLEQUIPMENT",SGPset_UnitaryEquipment,AI_Mercury,Label,N.A,N.A,N.A,N.A,"IfcUnitaryEquipmentAIRIMPURITIESSENSOR, *FUELBURNINGEQUIPMENT, *INCINERATOR, *POLLUTIONCONTROLEQUIPMENT",skip,UnitaryEquipment,UnitaryEquipment,okay
415,NEA,Pollution Control,Air Impurities Oxides Of Nitrogen,Generic Models,Object,N.A,Object,ARC,IfcUnitaryEquipment,"*AIRIMPURITIESSENSOR, *FUELBURNINGEQUIPMENT, *INCINERATOR, *POLLUTIONCONTROLEQUIPMENT",SGPset_UnitaryEquipment,AI_OxidesOfNitrogen,Label,N.A,N.A,N.A,N.A,"IfcUnitaryEquipmentAIRIMPURITIESSENSOR, *FUELBURNINGEQUIPMENT, *INCINERATOR, *POLLUTIONCONTROLEQUIPMENT",skip,UnitaryEquipment,UnitaryEquipment,okay
416,NEA,Pollution Control,Air Impurities Particulate Substances,Generic Models,Object,N.A,Object,ARC,IfcUnitaryEquipment,"*AIRIMPURITIESSENSOR, *FUELBURNINGEQUIPMENT, *INCINERATOR, *POLLUTIONCONTROLEQUIPMENT",SGPset_UnitaryEquipment,AI_ParticulateSubstances,Label,N.A,N.A,N.A,N.A,"IfcUnitaryEquipmentAIRIMPURITIESSENSOR, *FUELBURNINGEQUIPMENT, *INCINERATOR, *POLLUTIONCONTROLEQUIPMENT",skip,UnitaryEquipment,UnitaryEquipment,okay
417,NEA,Pollution Control,Air Impurities Styrene Monomer,Generic Models,Object,N.A,Object,ARC,IfcUnitaryEquipment,"*AIRIMPURITIESSENSOR, *FUELBURNINGEQUIPMENT, *INCINERATOR, *POLLUTIONCONTROLEQUIPMENT",SGPset_UnitaryEquipment,AI_StyreneMonomer,Label,N.A,N.A,N.A,N.A,"IfcUnitaryEquipmentAIRIMPURITIESSENSOR, *FUELBURNINGEQUIPMENT, *INCINERATOR, *POLLUTIONCONTROLEQUIPMENT",skip,UnitaryEquipment,UnitaryEquipment,okay
418,NEA,Pollution Control,Air Impurities Sulphur Dioxide,Generic Models,Object,N.A,Object,ARC,IfcUnitaryEquipment,"*AIRIMPURITIESSENSOR, *FUELBURNINGEQUIPMENT, *INCINERATOR, *POLLUTIONCONTROLEQUIPMENT",SGPset_UnitaryEquipment,AI_SulphurDioxide,Label,N.A,N.A,N.A,N.A,"IfcUnitaryEquipmentAIRIMPURITIESSENSOR, *FUELBURNINGEQUIPMENT, *INCINERATOR, *POLLUTIONCONTROLEQUIPMENT",skip,UnitaryEquipment,UnitaryEquipment,okay
419,NEA,Pollution Control,Air Impurities Sulphur Trioxide And Acid Gases,Generic Models,Object,N.A,Object,ARC,IfcUnitaryEquipment,"*AIRIMPURITIESSENSOR, *FUELBURNINGEQUIPMENT, *INCINERATOR, *POLLUTIONCONTROLEQUIPMENT",SGPset_UnitaryEquipment,AI_SulphurTrioxideAndAcidGases,Label,N.A,N.A,N.A,N.A,"IfcUnitaryEquipmentAIRIMPURITIESSENSOR, *FUELBURNINGEQUIPMENT, *INCINERATOR, *POLLUTIONCONTROLEQUIPMENT",skip,UnitaryEquipment,UnitaryEquipment,okay
420,NEA,Pollution Control,Air Impurities Sulphur Trioxide Or Sulphuric Acid Mist,Generic Models,Object,N.A,Object,ARC,IfcUnitaryEquipment,"*AIRIMPURITIESSENSOR, *FUELBURNINGEQUIPMENT, *INCINERATOR, *POLLUTIONCONTROLEQUIPMENT",SGPset_UnitaryEquipment,AI_SulphurTrioxideOrSulphuricAcidMist,Label,N.A,N.A,N.A,N.A,"IfcUnitaryEquipmentAIRIMPURITIESSENSOR, *FUELBURNINGEQUIPMENT, *INCINERATOR, *POLLUTIONCONTROLEQUIPMENT",skip,UnitaryEquipment,UnitaryEquipment,okay
421,NEA,Pollution Control,Air Impurities Vinyl Chloride Monomer,Generic Models,Object,N.A,Object,ARC,IfcUnitaryEquipment,"*AIRIMPURITIESSENSOR, *FUELBURNINGEQUIPMENT, *INCINERATOR, *POLLUTIONCONTROLEQUIPMENT",SGPset_UnitaryEquipment,AI_VinylChlorideMonomer,Label,N.A,N.A,N.A,N.A,"IfcUnitaryEquipmentAIRIMPURITIESSENSOR, *FUELBURNINGEQUIPMENT, *INCINERATOR, *POLLUTIONCONTROLEQUIPMENT",skip,UnitaryEquipment,UnitaryEquipment,okay
422,NEA,Pollution Control,Trade Effluent Discharge Arsenic,Generic Models,Object,N.A,Object,ARC,IfcUnitaryEquipment,"*AIRIMPURITIESSENSOR, *FUELBURNINGEQUIPMENT, *INCINERATOR, *POLLUTIONCONTROLEQUIPMENT",SGPset_UnitaryEquipment,TED_Arsenic,Label,N.A,N.A,N.A,N.A,"IfcUnitaryEquipmentAIRIMPURITIESSENSOR, *FUELBURNINGEQUIPMENT, *INCINERATOR, *POLLUTIONCONTROLEQUIPMENT",skip,UnitaryEquipment,UnitaryEquipment,okay
423,NEA,Pollution Control,Trade Effluent Discharge Barium,Generic Models,Object,N.A,Object,ARC,IfcUnitaryEquipment,"*AIRIMPURITIESSENSOR, *FUELBURNINGEQUIPMENT, *INCINERATOR, *POLLUTIONCONTROLEQUIPMENT",SGPset_UnitaryEquipment,TED_Barium,Label,N.A,N.A,N.A,N.A,"IfcUnitaryEquipmentAIRIMPURITIESSENSOR, *FUELBURNINGEQUIPMENT, *INCINERATOR, *POLLUTIONCONTROLEQUIPMENT",skip,UnitaryEquipment,UnitaryEquipment,okay
424,NEA,Pollution Control,Trade Effluent Discharge Beryllium,Generic Models,Object,N.A,Object,ARC,IfcUnitaryEquipment,"*AIRIMPURITIESSENSOR, *FUELBURNINGEQUIPMENT, *INCINERATOR, *POLLUTIONCONTROLEQUIPMENT",SGPset_UnitaryEquipment,TED_Beryllium,Label,N.A,N.A,N.A,N.A,"IfcUnitaryEquipmentAIRIMPURITIESSENSOR, *FUELBURNINGEQUIPMENT, *INCINERATOR, *POLLUTIONCONTROLEQUIPMENT",skip,UnitaryEquipment,UnitaryEquipment,okay
425,NEA,Pollution Control,Trade Effluent Discharge Biochemical Oxygen Demand,Generic Models,Object,N.A,Object,ARC,IfcUnitaryEquipment,"*AIRIMPURITIESSENSOR, *FUELBURNINGEQUIPMENT, *INCINERATOR, *POLLUTIONCONTROLEQUIPMENT",SGPset_UnitaryEquipment,TED_BiochemicalOxygenDemand,Label,N.A,N.A,N.A,N.A,"IfcUnitaryEquipmentAIRIMPURITIESSENSOR, *FUELBURNINGEQUIPMENT, *INCINERATOR, *POLLUTIONCONTROLEQUIPMENT",skip,UnitaryEquipment,UnitaryEquipment,okay
426,NEA,Pollution Control,Trade Effluent Discharge Boron,Generic Models,Object,N.A,Object,ARC,IfcUnitaryEquipment,"*AIRIMPURITIESSENSOR, *FUELBURNINGEQUIPMENT, *INCINERATOR, *POLLUTIONCONTROLEQUIPMENT",SGPset_UnitaryEquipment,TED_Boron,Label,N.A,N.A,N.A,N.A,"IfcUnitaryEquipmentAIRIMPURITIESSENSOR, *FUELBURNINGEQUIPMENT, *INCINERATOR, *POLLUTIONCONTROLEQUIPMENT",skip,UnitaryEquipment,UnitaryEquipment,okay
427,NEA,Pollution Control,Trade Effluent Discharge Cadmium,Generic Models,Object,N.A,Object,ARC,IfcUnitaryEquipment,"*AIRIMPURITIESSENSOR, *FUELBURNINGEQUIPMENT, *INCINERATOR, *POLLUTIONCONTROLEQUIPMENT",SGPset_UnitaryEquipment,TED_Cadmium,Label,N.A,N.A,N.A,N.A,"IfcUnitaryEquipmentAIRIMPURITIESSENSOR, *FUELBURNINGEQUIPMENT, *INCINERATOR, *POLLUTIONCONTROLEQUIPMENT",skip,UnitaryEquipment,UnitaryEquipment,okay
428,NEA,Pollution Control,Trade Effluent Discharge Calcium,Generic Models,Object,N.A,Object,ARC,IfcUnitaryEquipment,"*AIRIMPURITIESSENSOR, *FUELBURNINGEQUIPMENT, *INCINERATOR, *POLLUTIONCONTROLEQUIPMENT",SGPset_UnitaryEquipment,TED_Calcium,Label,N.A,N.A,N.A,N.A,"IfcUnitaryEquipmentAIRIMPURITIESSENSOR, *FUELBURNINGEQUIPMENT, *INCINERATOR, *POLLUTIONCONTROLEQUIPMENT",skip,UnitaryEquipment,UnitaryEquipment,okay
429,NEA,Pollution Control,Trade Effluent Discharge Chemical Oxygen Demand,Generic Models,Object,N.A,Object,ARC,IfcUnitaryEquipment,"*AIRIMPURITIESSENSOR, *FUELBURNINGEQUIPMENT, *INCINERATOR, *POLLUTIONCONTROLEQUIPMENT",SGPset_UnitaryEquipment,TED_ChemicalOxygenDemand,Label,N.A,N.A,N.A,N.A,"IfcUnitaryEquipmentAIRIMPURITIESSENSOR, *FUELBURNINGEQUIPMENT, *INCINERATOR, *POLLUTIONCONTROLEQUIPMENT",skip,UnitaryEquipment,UnitaryEquipment,okay
430,NEA,Pollution Control,Trade Effluent Discharge Chloride,Generic Models,Object,N.A,Object,ARC,IfcUnitaryEquipment,"*AIRIMPURITIESSENSOR, *FUELBURNINGEQUIPMENT, *INCINERATOR, *POLLUTIONCONTROLEQUIPMENT",SGPset_UnitaryEquipment,TED_Chloride,Label,N.A,N.A,N.A,N.A,"IfcUnitaryEquipmentAIRIMPURITIESSENSOR, *FUELBURNINGEQUIPMENT, *INCINERATOR, *POLLUTIONCONTROLEQUIPMENT",skip,UnitaryEquipment,UnitaryEquipment,okay
431,NEA,Pollution Control,Trade Effluent Discharge Chromium,Generic Models,Object,N.A,Object,ARC,IfcUnitaryEquipment,"*AIRIMPURITIESSENSOR, *FUELBURNINGEQUIPMENT, *INCINERATOR, *POLLUTIONCONTROLEQUIPMENT",SGPset_UnitaryEquipment,TED_Chromium,Label,N.A,N.A,N.A,N.A,"IfcUnitaryEquipmentAIRIMPURITIESSENSOR, *FUELBURNINGEQUIPMENT, *INCINERATOR, *POLLUTIONCONTROLEQUIPMENT",skip,UnitaryEquipment,UnitaryEquipment,okay
432,NEA,Pollution Control,Trade Effluent Discharge Colour,Generic Models,Object,N.A,Object,ARC,IfcUnitaryEquipment,"*AIRIMPURITIESSENSOR, *FUELBURNINGEQUIPMENT, *INCINERATOR, *POLLUTIONCONTROLEQUIPMENT",SGPset_UnitaryEquipment,TED_Colour,Label,N.A,N.A,N.A,N.A,"IfcUnitaryEquipmentAIRIMPURITIESSENSOR, *FUELBURNINGEQUIPMENT, *INCINERATOR, *POLLUTIONCONTROLEQUIPMENT",skip,UnitaryEquipment,UnitaryEquipment,okay
433,NEA,Pollution Control,Trade Effluent Discharge Copper,Generic Models,Object,N.A,Object,ARC,IfcUnitaryEquipment,"*AIRIMPURITIESSENSOR, *FUELBURNINGEQUIPMENT, *INCINERATOR, *POLLUTIONCONTROLEQUIPMENT",SGPset_UnitaryEquipment,TED_Copper,Label,N.A,N.A,N.A,N.A,"IfcUnitaryEquipmentAIRIMPURITIESSENSOR, *FUELBURNINGEQUIPMENT, *INCINERATOR, *POLLUTIONCONTROLEQUIPMENT",skip,UnitaryEquipment,UnitaryEquipment,okay
434,NEA,Pollution Control,Trade Effluent Discharge Cyanide,Generic Models,Object,N.A,Object,ARC,IfcUnitaryEquipment,"*AIRIMPURITIESSENSOR, *FUELBURNINGEQUIPMENT, *INCINERATOR, *POLLUTIONCONTROLEQUIPMENT",SGPset_UnitaryEquipment,TED_Cyanide,Label,N.A,N.A,N.A,N.A,"IfcUnitaryEquipmentAIRIMPURITIESSENSOR, *FUELBURNINGEQUIPMENT, *INCINERATOR, *POLLUTIONCONTROLEQUIPMENT",skip,UnitaryEquipment,UnitaryEquipment,okay
435,NEA,Pollution Control,Trade Effluent Discharge Detergent,Generic Models,Object,N.A,Object,ARC,IfcUnitaryEquipment,"*AIRIMPURITIESSENSOR, *FUELBURNINGEQUIPMENT, *INCINERATOR, *POLLUTIONCONTROLEQUIPMENT",SGPset_UnitaryEquipment,TED_Detergent,Label,N.A,N.A,N.A,N.A,"IfcUnitaryEquipmentAIRIMPURITIESSENSOR, *FUELBURNINGEQUIPMENT, *INCINERATOR, *POLLUTIONCONTROLEQUIPMENT",skip,UnitaryEquipment,UnitaryEquipment,okay
436,NEA,Pollution Control,Trade Effluent Discharge Grease And Oil,Generic Models,Object,N.A,Object,ARC,IfcUnitaryEquipment,"*AIRIMPURITIESSENSOR, *FUELBURNINGEQUIPMENT, *INCINERATOR, *POLLUTIONCONTROLEQUIPMENT",SGPset_UnitaryEquipment,TED_GreaseAndOil,Label,N.A,N.A,N.A,N.A,"IfcUnitaryEquipmentAIRIMPURITIESSENSOR, *FUELBURNINGEQUIPMENT, *INCINERATOR, *POLLUTIONCONTROLEQUIPMENT",skip,UnitaryEquipment,UnitaryEquipment,okay
437,NEA,Pollution Control,Trade Effluent Discharge Iron,Generic Models,Object,N.A,Object,ARC,IfcUnitaryEquipment,"*AIRIMPURITIESSENSOR, *FUELBURNINGEQUIPMENT, *INCINERATOR, *POLLUTIONCONTROLEQUIPMENT",SGPset_UnitaryEquipment,TED_Iron,Label,N.A,N.A,N.A,N.A,"IfcUnitaryEquipmentAIRIMPURITIESSENSOR, *FUELBURNINGEQUIPMENT, *INCINERATOR, *POLLUTIONCONTROLEQUIPMENT",skip,UnitaryEquipment,UnitaryEquipment,okay
438,NEA,Pollution Control,Trade Effluent Discharge Lead,Generic Models,Object,N.A,Object,ARC,IfcUnitaryEquipment,"*AIRIMPURITIESSENSOR, *FUELBURNINGEQUIPMENT, *INCINERATOR, *POLLUTIONCONTROLEQUIPMENT",SGPset_UnitaryEquipment,TED_Lead,Label,N.A,N.A,N.A,N.A,"IfcUnitaryEquipmentAIRIMPURITIESSENSOR, *FUELBURNINGEQUIPMENT, *INCINERATOR, *POLLUTIONCONTROLEQUIPMENT",skip,UnitaryEquipment,UnitaryEquipment,okay
439,NEA,Pollution Control,Trade Effluent Discharge Magnesium,Generic Models,Object,N.A,Object,ARC,IfcUnitaryEquipment,"*AIRIMPURITIESSENSOR, *FUELBURNINGEQUIPMENT, *INCINERATOR, *POLLUTIONCONTROLEQUIPMENT",SGPset_UnitaryEquipment,TED_Magnesium,Label,N.A,N.A,N.A,N.A,"IfcUnitaryEquipmentAIRIMPURITIESSENSOR, *FUELBURNINGEQUIPMENT, *INCINERATOR, *POLLUTIONCONTROLEQUIPMENT",skip,UnitaryEquipment,UnitaryEquipment,okay
440,NEA,Pollution Control,Trade Effluent Discharge Manganese,Generic Models,Object,N.A,Object,ARC,IfcUnitaryEquipment,"*AIRIMPURITIESSENSOR, *FUELBURNINGEQUIPMENT, *INCINERATOR, *POLLUTIONCONTROLEQUIPMENT",SGPset_UnitaryEquipment,TED_Manganese,Label,N.A,N.A,N.A,N.A,"IfcUnitaryEquipmentAIRIMPURITIESSENSOR, *FUELBURNINGEQUIPMENT, *INCINERATOR, *POLLUTIONCONTROLEQUIPMENT",skip,UnitaryEquipment,UnitaryEquipment,okay
441,NEA,Pollution Control,Trade Effluent Discharge Mercury,Generic Models,Object,N.A,Object,ARC,IfcUnitaryEquipment,"*AIRIMPURITIESSENSOR, *FUELBURNINGEQUIPMENT, *INCINERATOR, *POLLUTIONCONTROLEQUIPMENT",SGPset_UnitaryEquipment,TED_Mercury,Label,N.A,N.A,N.A,N.A,"IfcUnitaryEquipmentAIRIMPURITIESSENSOR, *FUELBURNINGEQUIPMENT, *INCINERATOR, *POLLUTIONCONTROLEQUIPMENT",skip,UnitaryEquipment,UnitaryEquipment,okay
442,NEA,Pollution Control,Trade Effluent Discharge Metals In Total,Generic Models,Object,N.A,Object,ARC,IfcUnitaryEquipment,"*AIRIMPURITIESSENSOR, *FUELBURNINGEQUIPMENT, *INCINERATOR, *POLLUTIONCONTROLEQUIPMENT",SGPset_UnitaryEquipment,TED_MetalsInTotal,Label,N.A,N.A,N.A,N.A,"IfcUnitaryEquipmentAIRIMPURITIESSENSOR, *FUELBURNINGEQUIPMENT, *INCINERATOR, *POLLUTIONCONTROLEQUIPMENT",skip,UnitaryEquipment,UnitaryEquipment,okay
443,NEA,Pollution Control,Trade Effluent Discharge Nickel,Generic Models,Object,N.A,Object,ARC,IfcUnitaryEquipment,"*AIRIMPURITIESSENSOR, *FUELBURNINGEQUIPMENT, *INCINERATOR, *POLLUTIONCONTROLEQUIPMENT",SGPset_UnitaryEquipment,TED_Nickel,Label,N.A,N.A,N.A,N.A,"IfcUnitaryEquipmentAIRIMPURITIESSENSOR, *FUELBURNINGEQUIPMENT, *INCINERATOR, *POLLUTIONCONTROLEQUIPMENT",skip,UnitaryEquipment,UnitaryEquipment,okay
444,NEA,Pollution Control,Trade Effluent Discharge Nitrate,Generic Models,Object,N.A,Object,ARC,IfcUnitaryEquipment,"*AIRIMPURITIESSENSOR, *FUELBURNINGEQUIPMENT, *INCINERATOR, *POLLUTIONCONTROLEQUIPMENT",SGPset_UnitaryEquipment,TED_Nitrate,Label,N.A,N.A,N.A,N.A,"IfcUnitaryEquipmentAIRIMPURITIESSENSOR, *FUELBURNINGEQUIPMENT, *INCINERATOR, *POLLUTIONCONTROLEQUIPMENT",skip,UnitaryEquipment,UnitaryEquipment,okay
445,NEA,Pollution Control,Trade Effluent Discharge Phenolic Compound,Generic Models,Object,N.A,Object,ARC,IfcUnitaryEquipment,"*AIRIMPURITIESSENSOR, *FUELBURNINGEQUIPMENT, *INCINERATOR, *POLLUTIONCONTROLEQUIPMENT",SGPset_UnitaryEquipment,TED_PhenolicCompound,Label,N.A,N.A,N.A,N.A,"IfcUnitaryEquipmentAIRIMPURITIESSENSOR, *FUELBURNINGEQUIPMENT, *INCINERATOR, *POLLUTIONCONTROLEQUIPMENT",skip,UnitaryEquipment,UnitaryEquipment,okay
446,NEA,Pollution Control,Trade Effluent Discharge Phosphate,Generic Models,Object,N.A,Object,ARC,IfcUnitaryEquipment,"*AIRIMPURITIESSENSOR, *FUELBURNINGEQUIPMENT, *INCINERATOR, *POLLUTIONCONTROLEQUIPMENT",SGPset_UnitaryEquipment,TED_Phosphate,Label,N.A,N.A,N.A,N.A,"IfcUnitaryEquipmentAIRIMPURITIESSENSOR, *FUELBURNINGEQUIPMENT, *INCINERATOR, *POLLUTIONCONTROLEQUIPMENT",skip,UnitaryEquipment,UnitaryEquipment,okay
447,NEA,Pollution Control,Trade Effluent Discharge PH Value,Generic Models,Object,N.A,Object,ARC,IfcUnitaryEquipment,"*AIRIMPURITIESSENSOR, *FUELBURNINGEQUIPMENT, *INCINERATOR, *POLLUTIONCONTROLEQUIPMENT",SGPset_UnitaryEquipment,TED_PHValue,Label,N.A,N.A,N.A,N.A,"IfcUnitaryEquipmentAIRIMPURITIESSENSOR, *FUELBURNINGEQUIPMENT, *INCINERATOR, *POLLUTIONCONTROLEQUIPMENT",skip,UnitaryEquipment,UnitaryEquipment,okay
448,NEA,Pollution Control,Trade Effluent Discharge Selenium,Generic Models,Object,N.A,Object,ARC,IfcUnitaryEquipment,"*AIRIMPURITIESSENSOR, *FUELBURNINGEQUIPMENT, *INCINERATOR, *POLLUTIONCONTROLEQUIPMENT",SGPset_UnitaryEquipment,TED_Selenium,Label,N.A,N.A,N.A,N.A,"IfcUnitaryEquipmentAIRIMPURITIESSENSOR, *FUELBURNINGEQUIPMENT, *INCINERATOR, *POLLUTIONCONTROLEQUIPMENT",skip,UnitaryEquipment,UnitaryEquipment,okay
449,NEA,Pollution Control,Trade Effluent Discharge Silver,Generic Models,Object,N.A,Object,ARC,IfcUnitaryEquipment,"*AIRIMPURITIESSENSOR, *FUELBURNINGEQUIPMENT, *INCINERATOR, *POLLUTIONCONTROLEQUIPMENT",SGPset_UnitaryEquipment,TED_Silver,Label,N.A,N.A,N.A,N.A,"IfcUnitaryEquipmentAIRIMPURITIESSENSOR, *FUELBURNINGEQUIPMENT, *INCINERATOR, *POLLUTIONCONTROLEQUIPMENT",skip,UnitaryEquipment,UnitaryEquipment,okay
450,NEA,Pollution Control,Trade Effluent Discharge Sulphate,Generic Models,Object,N.A,Object,ARC,IfcUnitaryEquipment,"*AIRIMPURITIESSENSOR, *FUELBURNINGEQUIPMENT, *INCINERATOR, *POLLUTIONCONTROLEQUIPMENT",SGPset_UnitaryEquipment,TED_Sulphate,Label,N.A,N.A,N.A,N.A,"IfcUnitaryEquipmentAIRIMPURITIESSENSOR, *FUELBURNINGEQUIPMENT, *INCINERATOR, *POLLUTIONCONTROLEQUIPMENT",skip,UnitaryEquipment,UnitaryEquipment,okay
451,NEA,Pollution Control,Trade Effluent Discharge Sulphide,Generic Models,Object,N.A,Object,ARC,IfcUnitaryEquipment,"*AIRIMPURITIESSENSOR, *FUELBURNINGEQUIPMENT, *INCINERATOR, *POLLUTIONCONTROLEQUIPMENT",SGPset_UnitaryEquipment,TED_Sulphide,Label,N.A,N.A,N.A,N.A,"IfcUnitaryEquipmentAIRIMPURITIESSENSOR, *FUELBURNINGEQUIPMENT, *INCINERATOR, *POLLUTIONCONTROLEQUIPMENT",skip,UnitaryEquipment,UnitaryEquipment,okay
452,NEA,Pollution Control,Trade Effluent Discharge Temperature Of Discharge,Generic Models,Object,N.A,Object,ARC,IfcUnitaryEquipment,"*AIRIMPURITIESSENSOR, *FUELBURNINGEQUIPMENT, *INCINERATOR, *POLLUTIONCONTROLEQUIPMENT",SGPset_UnitaryEquipment,TED_TemperatureOfDischarge,Label,N.A,N.A,N.A,N.A,"IfcUnitaryEquipmentAIRIMPURITIESSENSOR, *FUELBURNINGEQUIPMENT, *INCINERATOR, *POLLUTIONCONTROLEQUIPMENT",skip,UnitaryEquipment,UnitaryEquipment,okay
453,NEA,Pollution Control,Trade Effluent Discharge Tin,Generic Models,Object,N.A,Object,ARC,IfcUnitaryEquipment,"*AIRIMPURITIESSENSOR, *FUELBURNINGEQUIPMENT, *INCINERATOR, *POLLUTIONCONTROLEQUIPMENT",SGPset_UnitaryEquipment,TED_Tin,Label,N.A,N.A,N.A,N.A,"IfcUnitaryEquipmentAIRIMPURITIESSENSOR, *FUELBURNINGEQUIPMENT, *INCINERATOR, *POLLUTIONCONTROLEQUIPMENT",skip,UnitaryEquipment,UnitaryEquipment,okay
454,NEA,Pollution Control,Trade Effluent Discharge Total Dissolved Solid,Generic Models,Object,N.A,Object,ARC,IfcUnitaryEquipment,"*AIRIMPURITIESSENSOR, *FUELBURNINGEQUIPMENT, *INCINERATOR, *POLLUTIONCONTROLEQUIPMENT",SGPset_UnitaryEquipment,TED_TotalDissolvedSolid,Label,N.A,N.A,N.A,N.A,"IfcUnitaryEquipmentAIRIMPURITIESSENSOR, *FUELBURNINGEQUIPMENT, *INCINERATOR, *POLLUTIONCONTROLEQUIPMENT",skip,UnitaryEquipment,UnitaryEquipment,okay
455,NEA,Pollution Control,Trade Effluent Discharge Total Suspended Solid,Generic Models,Object,N.A,Object,ARC,IfcUnitaryEquipment,"*AIRIMPURITIESSENSOR, *FUELBURNINGEQUIPMENT, *INCINERATOR, *POLLUTIONCONTROLEQUIPMENT",SGPset_UnitaryEquipment,TED_TotalSuspendedSolid,Label,N.A,N.A,N.A,N.A,"IfcUnitaryEquipmentAIRIMPURITIESSENSOR, *FUELBURNINGEQUIPMENT, *INCINERATOR, *POLLUTIONCONTROLEQUIPMENT",skip,UnitaryEquipment,UnitaryEquipment,okay
456,NEA,Pollution Control,Trade Effluent Discharge Zinc,Generic Models,Object,N.A,Object,ARC,IfcUnitaryEquipment,"*AIRIMPURITIESSENSOR, *FUELBURNINGEQUIPMENT, *INCINERATOR, *POLLUTIONCONTROLEQUIPMENT",SGPset_UnitaryEquipment,TED_Zinc,Label,N.A,N.A,N.A,N.A,"IfcUnitaryEquipmentAIRIMPURITIESSENSOR, *FUELBURNINGEQUIPMENT, *INCINERATOR, *POLLUTIONCONTROLEQUIPMENT",skip,UnitaryEquipment,UnitaryEquipment,okay
457,BCA,Prefabricated Building Systems and MEP Components,N.A,Rooms,Zone,N.A,Space,ARC,IfcSpace,*PREFABRICATEDBATHROOMUNIT,Please refer to property sets below,Please refer to properties below,N.A,N.A,N.A,N.A,N.A,IfcSpacePREFABRICATEDBATHROOMUNIT,okay,Space,#N/A,#N/A
458,BCA,Prefabricated Building Systems and MEP Components,N.A,Rooms,Zone,N.A,Space,ARC,IfcSpace,*PREFABRICATEDMEPHORIZONTALMODULE,Please refer to property sets below,Please refer to properties below,N.A,N.A,N.A,N.A,N.A,IfcSpacePREFABRICATEDMEPHORIZONTALMODULE,okay,Space,#N/A,#N/A
459,BCA,Prefabricated Building Systems and MEP Components,N.A,Rooms,Zone,N.A,Space,ARC,IfcSpace,*PREFABRICATEDMEPPLANTMODULE,Please refer to property sets below,Please refer to properties below,N.A,N.A,N.A,N.A,N.A,IfcSpacePREFABRICATEDMEPPLANTMODULE,okay,Space,#N/A,#N/A
460,BCA,Prefabricated Building Systems and MEP Components,N.A,Rooms,Zone,N.A,Space,ARC,IfcSpace,*PREFABRICATEDMEPVERTICALMODULE,Please refer to property sets below,Please refer to properties below,N.A,N.A,N.A,N.A,N.A,IfcSpacePREFABRICATEDMEPVERTICALMODULE,okay,Space,#N/A,#N/A
461,BCA,Prefabricated Building Systems and MEP Components,N.A,Rooms,Zone,N.A,Space,ARC,IfcSpace,*PREFABRICATEDPUMPSKID,Please refer to property sets below,Please refer to properties below,N.A,N.A,N.A,N.A,N.A,IfcSpacePREFABRICATEDPUMPSKID,okay,Space,#N/A,#N/A
462,BCA,Prefabricated Building Systems and MEP Components,Space Name,Rooms,Zone,N.A,Space,ARC,IfcSpace,"*PREFABRICATEDBATHROOMUNIT, *PREFABRICATEDMEPHORIZONTALMODULE, *PREFABRICATEDMEPPLANTMODULE, *PREFABRICATEDMEPVERTICALMODULE, *PREFABRICATEDPUMPSKID",SGPset_Space,SpaceName,Label,N.A,N.A,N.A,"Master Bath, Maid Bath, Yard Bath","IfcSpacePREFABRICATEDBATHROOMUNIT, *PREFABRICATEDMEPHORIZONTALMODULE, *PREFABRICATEDMEPPLANTMODULE, *PREFABRICATEDMEPVERTICALMODULE, *PREFABRICATEDPUMPSKID",skip,Space,Space,okay
463,BCA,Prefabricated Building Systems and MEP Components,Internal Length,Rooms,Zone,N.A,Space,ARC,IfcSpace,"*PREFABRICATEDBATHROOMUNIT, *PREFABRICATEDMEPHORIZONTALMODULE, *PREFABRICATEDMEPPLANTMODULE, *PREFABRICATEDMEPVERTICALMODULE, *PREFABRICATEDPUMPSKID",SGPset_SpaceDimension,InternalLength,Length,mm,N.A,N.A,N.A,"IfcSpacePREFABRICATEDBATHROOMUNIT, *PREFABRICATEDMEPHORIZONTALMODULE, *PREFABRICATEDMEPPLANTMODULE, *PREFABRICATEDMEPVERTICALMODULE, *PREFABRICATEDPUMPSKID",skip,Space,Space,okay
464,BCA,Prefabricated Building Systems and MEP Components,Internal Width,Rooms,Zone,N.A,Space,ARC,IfcSpace,"*PREFABRICATEDBATHROOMUNIT, *PREFABRICATEDMEPHORIZONTALMODULE, *PREFABRICATEDMEPPLANTMODULE, *PREFABRICATEDMEPVERTICALMODULE, *PREFABRICATEDPUMPSKID",SGPset_SpaceDimension,InternalWidth,Length,mm,N.A,N.A,N.A,"IfcSpacePREFABRICATEDBATHROOMUNIT, *PREFABRICATEDMEPHORIZONTALMODULE, *PREFABRICATEDMEPPLANTMODULE, *PREFABRICATEDMEPVERTICALMODULE, *PREFABRICATEDPUMPSKID",skip,Space,Space,okay
465,BCA,Prefabricated Building Systems and MEP Components,Construction Method,Rooms,Zone,N.A,Space,ARC,IfcSpace,"*PREFABRICATEDBATHROOMUNIT, *PREFABRICATEDMEPHORIZONTALMODULE, *PREFABRICATEDMEPPLANTMODULE, *PREFABRICATEDMEPVERTICALMODULE, *PREFABRICATEDPUMPSKID",SGPset_Space,ConstructionMethod,Label,N.A,N.A,"Prefab, CIS, PC, PBU",N.A,"IfcSpacePREFABRICATEDBATHROOMUNIT, *PREFABRICATEDMEPHORIZONTALMODULE, *PREFABRICATEDMEPPLANTMODULE, *PREFABRICATEDMEPVERTICALMODULE, *PREFABRICATEDPUMPSKID",skip,Space,Space,okay
466,BCA,Prefabricated Building Systems and MEP Components,Accreditation MAS,Rooms,Zone,N.A,Space,ARC,IfcSpace,"*PREFABRICATEDBATHROOMUNIT, *PREFABRICATEDMEPHORIZONTALMODULE, *PREFABRICATEDMEPPLANTMODULE, *PREFABRICATEDMEPVERTICALMODULE, *PREFABRICATEDPUMPSKID",SGPset_Space,Accreditation_MAS,Boolean,N.A,N.A,TRUE/FALSE,N.A,"IfcSpacePREFABRICATEDBATHROOMUNIT, *PREFABRICATEDMEPHORIZONTALMODULE, *PREFABRICATEDMEPPLANTMODULE, *PREFABRICATEDMEPVERTICALMODULE, *PREFABRICATEDPUMPSKID",skip,Space,Space,okay
467,BCA,Prefabricated Building Systems and MEP Components,Mechanical Connection Type,Rooms,Zone,N.A,Space,ARC,IfcSpace,"*PREFABRICATEDBATHROOMUNIT, *PREFABRICATEDMEPHORIZONTALMODULE, *PREFABRICATEDMEPPLANTMODULE, *PREFABRICATEDMEPVERTICALMODULE, *PREFABRICATEDPUMPSKID",SGPset_Space,MechanicalConnectionType,Label,N.A,N.A,N.A,N.A,"IfcSpacePREFABRICATEDBATHROOMUNIT, *PREFABRICATEDMEPHORIZONTALMODULE, *PREFABRICATEDMEPPLANTMODULE, *PREFABRICATEDMEPVERTICALMODULE, *PREFABRICATEDPUMPSKID",skip,Space,Space,okay
468,BCA,Prefabricated Building Systems and MEP Components,Construction Method,Floors,Slab,Concrete Slab,Slab,STR,IfcSlab,N.A,SGPset_Slab,ConstructionMethod,Label,N.A,N.A,"CIS, PC, PT (Pre), PT (Post), PF, PPVC, Spun",N.A,IfcSlabN.A,skip,Slab,Slab,okay
469,BCA,Prefabricated Building Systems and MEP Components,Thickness,Floors,Slab,Concrete Slab,Slab,STR,IfcSlab,N.A,SGPset_SlabDimension,Thickness,Length,mm,N.A,N.A,300,IfcSlabN.A,skip,Slab,Slab,okay
470,BCA,Prefabricated Building Systems and MEP Components,Construction Method,Walls,Wall,Panel,Wall,ARC,IfcWall,N.A,SGPset_Wall,ConstructionMethod,Label,N.A,N.A,"CIS, PC, PT (Pre), PT (Post), PF, PPVC, Spun",N.A,IfcWallN.A,skip,Wall,Wall,okay
471,BCA,Prefabricated Building Systems and MEP Components,Thickness,Walls,Wall,Panel,Wall,ARC,IfcWall,N.A,SGPset_WallDimension,Thickness,Length,mm,N.A,N.A,300,IfcWallN.A,skip,Wall,Wall,okay
472,BCA,Prefabricated Building Systems and MEP Components,N.A,Pipes,Pipe,N.A,Pipe,MEP,IfcPipeSegment,RIGIDSEGMENT,Please refer to property sets below,Please refer to properties below,N.A,N.A,N.A,N.A,N.A,IfcPipeSegmentRIGIDSEGMENT,check,PipeSegment,#N/A,#N/A
473,BCA,Prefabricated Building Systems and MEP Components,N.A,Pipes,Pipe,N.A,Pipe,MEP,IfcPipeSegment,FLEXIBLESEGMENT,Please refer to property sets below,Please refer to properties below,N.A,N.A,N.A,N.A,N.A,IfcPipeSegmentFLEXIBLESEGMENT,check,PipeSegment,#N/A,#N/A
474,BCA,Prefabricated Building Systems and MEP Components,Pre-insulated,Pipes,Pipe,N.A,Pipe,MEP,IfcPipeSegment,"RIGIDSEGMENT, FLEXIBLESEGMENT",SGPset_PipeSegment,PreInsulated,Boolean,N.A,N.A,TRUE/FALSE,N.A,"IfcPipeSegmentRIGIDSEGMENT, FLEXIBLESEGMENT",skip,PipeSegment,PipeSegment,okay
475,BCA,Prefabricated Building Systems and MEP Components,Construction Method,Pipes,Pipe,N.A,Pipe,MEP,IfcPipeSegment,"RIGIDSEGMENT, FLEXIBLESEGMENT",SGPset_PipeSegment,ConstructionMethod,Label,N.A,N.A,Prefabricated,N.A,"IfcPipeSegmentRIGIDSEGMENT, FLEXIBLESEGMENT",skip,PipeSegment,PipeSegment,okay
476,BCA,Prefabricated Building Systems and MEP Components,System Name,Pipes,Pipe,N.A,Pipe,MEP,IfcPipeSegment,"RIGIDSEGMENT, FLEXIBLESEGMENT",SGPset_PipeSegment,SystemName,Label,N.A,N.A,N.A,N.A,"IfcPipeSegmentRIGIDSEGMENT, FLEXIBLESEGMENT",skip,PipeSegment,PipeSegment,okay
477,BCA,Prefabricated Building Systems and MEP Components,System Type,Pipes,Pipe,N.A,Pipe,MEP,IfcPipeSegment,"RIGIDSEGMENT, FLEXIBLESEGMENT",SGPset_PipeSegment,SystemType,Label,N.A,N.A,N.A,Chilled Water,"IfcPipeSegmentRIGIDSEGMENT, FLEXIBLESEGMENT",skip,PipeSegment,PipeSegment,okay
478,BCA,Prefabricated Building Systems and MEP Components,N.A,Ducts,Duct,N.A,Duct,MEP,IfcDuctSegment,RIGIDSEGMENT,Please refer to property sets below,Please refer to properties below,N.A,N.A,N.A,N.A,N.A,IfcDuctSegmentRIGIDSEGMENT,check,DuctSegment,#N/A,#N/A
479,BCA,Prefabricated Building Systems and MEP Components,N.A,Ducts,Duct,N.A,Duct,MEP,IfcDuctSegment,FLEXIBLESEGMENT,Please refer to property sets below,Please refer to properties below,N.A,N.A,N.A,N.A,N.A,IfcDuctSegmentFLEXIBLESEGMENT,check,DuctSegment,#N/A,#N/A
480,BCA,Prefabricated Building Systems and MEP Components,Pre-insulated,Ducts,Duct,N.A,Duct,MEP,IfcDuctSegment,"RIGIDSEGMENT, FLEXIBLESEGMENT",SGPset_DuctSegment,PreInsulated,Boolean,N.A,N.A,TRUE/FALSE,N.A,"IfcDuctSegmentRIGIDSEGMENT, FLEXIBLESEGMENT",skip,DuctSegment,DuctSegment,okay
481,BCA,Prefabricated Building Systems and MEP Components,Construction Method,Ducts,Duct,N.A,Duct,MEP,IfcDuctSegment,"RIGIDSEGMENT, FLEXIBLESEGMENT",SGPset_DuctSegment,ConstructionMethod,Label,N.A,N.A,Prefabricated,N.A,"IfcDuctSegmentRIGIDSEGMENT, FLEXIBLESEGMENT",skip,DuctSegment,DuctSegment,okay
482,BCA,Prefabricated Building Systems and MEP Components,System Name,Ducts,Duct,N.A,Duct,MEP,IfcDuctSegment,"RIGIDSEGMENT, FLEXIBLESEGMENT",SGPset_DuctSegment,SystemName,Label,N.A,N.A,N.A,N.A,"IfcDuctSegmentRIGIDSEGMENT, FLEXIBLESEGMENT",skip,DuctSegment,DuctSegment,okay
483,BCA,Prefabricated Building Systems and MEP Components,System Type,Ducts,Duct,N.A,Duct,MEP,IfcDuctSegment,"RIGIDSEGMENT, FLEXIBLESEGMENT",SGPset_DuctSegment,SystemType,Label,N.A,N.A,N.A,Chilled Water,"IfcDuctSegmentRIGIDSEGMENT, FLEXIBLESEGMENT",skip,DuctSegment,DuctSegment,okay
484,BCA,Prefabricated Building Systems and MEP Components,Pre-insulated,Pipe Fittings,Pipe Fitting,N.A,Pipe Accessory,MEP,IfcPipeFitting,N.A,SGPset_PipeFitting,PreInsulated,Boolean,N.A,N.A,TRUE/FALSE,N.A,IfcPipeFittingN.A,skip,PipeFitting,PipeFitting,okay
485,BCA,Prefabricated Building Systems and MEP Components,Construction Method,Pipe Fittings,Pipe Fitting,N.A,Pipe Accessory,MEP,IfcPipeFitting,N.A,SGPset_PipeFitting,ConstructionMethod,Label,N.A,N.A,Prefabricated,N.A,IfcPipeFittingN.A,skip,PipeFitting,PipeFitting,okay
486,BCA,Prefabricated Building Systems and MEP Components,System Name,Pipe Fittings,Pipe Fitting,N.A,Pipe Accessory,MEP,IfcPipeFitting,N.A,SGPset_PipeFitting,SystemName,Label,N.A,N.A,N.A,N.A,IfcPipeFittingN.A,skip,PipeFitting,PipeFitting,okay
487,BCA,Prefabricated Building Systems and MEP Components,System Type,Pipe Fittings,Pipe Fitting,N.A,Pipe Accessory,MEP,IfcPipeFitting,N.A,SGPset_PipeFitting,SystemType,Label,N.A,N.A,N.A,Chilled Water,IfcPipeFittingN.A,skip,PipeFitting,PipeFitting,okay
488,BCA,Prefabricated Building Systems and MEP Components,Pre-insulated,Duct Fittings,Duct Fitting,N.A,Duct Accessory,MEP,IfcDuctFitting,N.A,SGPset_DuctFitting,PreInsulated,Boolean,N.A,N.A,TRUE/FALSE,N.A,IfcDuctFittingN.A,skip,DuctFitting,DuctFitting,okay
489,BCA,Prefabricated Building Systems and MEP Components,Construction Method,Duct Fittings,Duct Fitting,N.A,Duct Accessory,MEP,IfcDuctFitting,N.A,SGPset_DuctFitting,ConstructionMethod,Label,N.A,N.A,Prefabricated,N.A,IfcDuctFittingN.A,skip,DuctFitting,DuctFitting,okay
490,BCA,Prefabricated Building Systems and MEP Components,System Name,Duct Fittings,Duct Fitting,N.A,Duct Accessory,MEP,IfcDuctFitting,N.A,SGPset_DuctFitting,SystemName,Label,N.A,N.A,N.A,N.A,IfcDuctFittingN.A,skip,DuctFitting,DuctFitting,okay
491,BCA,Prefabricated Building Systems and MEP Components,System Type,Duct Fittings,Duct Fitting,N.A,Duct Accessory,MEP,IfcDuctFitting,N.A,SGPset_DuctFitting,SystemType,Label,N.A,N.A,N.A,Chilled Water,IfcDuctFittingN.A,skip,DuctFitting,DuctFitting,okay
492,BCA,Prefabricated Building Systems and MEP Components,Is Common,Generic Models,Object,N.A,Object,MEP,IfcDiscreteAccessory,*PIPESUPPORT,SGPset_DiscreteAccessory,IsCommon,Boolean,N.A,N.A,TRUE/FALSE,N.A,IfcDiscreteAccessoryPIPESUPPORT,okay,DiscreteAccessory,DiscreteAccessory,okay
493,BCA,Prefabricated Building Systems and MEP Components,System Name,Generic Models,Object,N.A,Object,MEP,IfcDiscreteAccessory,*PIPESUPPORT,SGPset_DiscreteAccessory,SystemName,Label,N.A,N.A,N.A,N.A,IfcDiscreteAccessoryPIPESUPPORT,okay,DiscreteAccessory,DiscreteAccessory,okay
494,BCA,Prefabricated Building Systems and MEP Components,System Type,Generic Models,Object,N.A,Object,MEP,IfcDiscreteAccessory,*PIPESUPPORT,SGPset_DiscreteAccessory,SystemType,Label,N.A,N.A,N.A,Chilled Water,IfcDiscreteAccessoryPIPESUPPORT,okay,DiscreteAccessory,DiscreteAccessory,okay
495,BCA,Project Development Type,Owner Built Owner Stay,Project Information,IFC Project Manager,N.A,Floor Manager,ARC,IfcBuilding,N.A,SGPset_Building,OwnerBuiltOwnerStay,Boolean,N.A,N.A,TRUE/FALSE,N.A,IfcBuildingN.A,skip,Building,Building,okay
496,BCA,Project Development Type,Project Development Type,Project Information,IFC Project Manager,N.A,Floor Manager,ARC,IfcBuilding,N.A,SGPset_Building,ProjectDevelopmentType,Label,N.A,N.A,"Residential (landed), Residential (non-landed), Mixed Development, Commercial, Industrial, Healthcare, Institutional, Agriculture, Transport Stations, Civil engineering works / Infrastructure, Free-standing structures, Others",N.A,IfcBuildingN.A,skip,Building,Building,okay
497,PUB,Pump,Capacity,Mechanical Equipment,Flow Equipment,N.A,Pump,MEP,IfcPump,SUMPPUMP,SGPset_Pump,Capacity,VolumetricFlowRate,L/s,N.A,N.A,N.A,IfcPumpSUMPPUMP,check,Pump,Pump,okay
498,PUB,Pump,Capacity,Mechanical Equipment,Flow Equipment,N.A,Pump,MEP,IfcPump,SUMPPUMP,SGPset_Pump,Capacity,VolumetricFlowRate,L/s,N.A,N.A,N.A,IfcPumpSUMPPUMP,check,Pump,Pump,okay
499,PUB,Pump,Duty,Mechanical Equipment,Flow Equipment,N.A,Pump,MEP,IfcPump,SUMPPUMP,SGPset_Pump,Duty,Boolean,N.A,N.A,TRUE/FALSE,N.A,IfcPumpSUMPPUMP,check,Pump,Pump,okay
500,PUB,Pump,Standby Pump,Mechanical Equipment,Flow Equipment,N.A,Pump,MEP,IfcPump,SUMPPUMP,SGPset_Pump,Standby,Boolean,N.A,N.A,TRUE/FALSE,N.A,IfcPumpSUMPPUMP,check,Pump,Pump,okay
501,PUB,Pump,Pump Head,Mechanical Equipment,Flow Equipment,N.A,Pump,MEP,IfcPump,SUMPPUMP,SGPset_Pump,PumpHead,Real,m,N.A,N.A,"1, 2",IfcPumpSUMPPUMP,check,Pump,Pump,okay
502,PUB,Pump,System Name,Mechanical Equipment,Flow Equipment,N.A,Pump,MEP,IfcPump,SUMPPUMP,SGPset_Pump,SystemName,Label,N.A,N.A,N.A,N.A,IfcPumpSUMPPUMP,check,Pump,Pump,okay
503,PUB,Pump,System Type,Mechanical Equipment,Flow Equipment,N.A,Pump,MEP,IfcPump,SUMPPUMP,SGPset_Pump,SystemType,Label,N.A,N.A,N.A,N.A,IfcPumpSUMPPUMP,check,Pump,Pump,okay
504,URA,Racking System,N.A,Furniture,Object,N.A,Furniture,ARC,IfcFurniture,*RACK,N.A,N.A,N.A,N.A,N.A,N.A,N.A,IfcFurnitureRACK,okay,Furniture,#N/A,#N/A
505,BCA,Railing,N.A,Railings,Railing,Component,Railing,ARC,IfcRailing,N.A,Please refer to property sets below,Please refer to properties below,N.A,N.A,N.A,N.A,N.A,IfcRailingN.A,skip,Railing,#N/A,#N/A
506,BCA,Railing,N.A,Railings,Railing,Component,Railing,STR,IfcRailing,*BOLLARD,Please refer to property sets below,Please refer to properties below,N.A,N.A,N.A,N.A,N.A,IfcRailingBOLLARD,okay,Railing,#N/A,#N/A
507,BCA,Railing,N.A,Railings,Railing,N.A,Railing,ARC,IfcRailing,GUARDRAIL,Please refer to property sets below,Please refer to properties below,N.A,N.A,N.A,N.A,N.A,IfcRailingGUARDRAIL,check,Railing,#N/A,#N/A
508,BCA,Railing,Height,Railings,Railing,Component,Railing,ARC,IfcRailing,"N.A, *BOLLARD, GUARDRAIL",SGPset_RailingDimension,Height,Length,mm,N.A,Any positive number,1000,"IfcRailingN.A, *BOLLARD, GUARDRAIL",skip,Railing,Railing,okay
509,BCA,Railing,Material,Railings,Railing,Component,Railing,STR,IfcRailing,"N.A, *BOLLARD, GUARDRAIL",SGPset_Material,Material,Label,N.A,Name,N.A,N.A,"IfcRailingN.A, *BOLLARD, GUARDRAIL",skip,Railing,Materia,check
510,BCA,Railing,Safety Barrier,Railings,Railing,Component,Railing,ARC,IfcRailing,"N.A, *BOLLARD, GUARDRAIL",SGPset_Railing,SafetyBarrier,Boolean,N.A,N.A,TRUE/FALSE,N.A,"IfcRailingN.A, *BOLLARD, GUARDRAIL",skip,Railing,Railing,okay
511,BCA,Railing,Type of Barrier,Railings,Railing,Component,Railing,ARC,IfcRailing,"N.A, *BOLLARD, GUARDRAIL",SGPset_Railing,TypeOfBarrier,Label,N.A,N.A,N.A,N.A,"IfcRailingN.A, *BOLLARD, GUARDRAIL",skip,Railing,Railing,okay
512,BCA,Railing,Is Laminated,Railings,Railing,Component,Railing,ARC,IfcRailing,"N.A, *BOLLARD, GUARDRAIL",SGPset_Railing,IsLaminated,Boolean,N.A,N.A,TRUE/FALSE,N.A,"IfcRailingN.A, *BOLLARD, GUARDRAIL",skip,Railing,Railing,okay
513,LTA,Ramp,Curved Ramp,Ramps,Ramp,Item,Object,ARC,IfcRamp,*CURVEDRAMP,Please refer to property sets below,Please refer to properties below,N.A,N.A,N.A,N.A,N.A,IfcRampCURVEDRAMP,okay,Ramp,#N/A,#N/A
514,BCA,Ramp,Flared Kerb Ramp,Ramps,Ramp,Item,Object,ARC,IfcRamp,*FLAREDKERBRAMP,Please refer to property sets below,Please refer to properties below,N.A,N.A,N.A,N.A,N.A,IfcRampFLAREDKERBRAMP,okay,Ramp,#N/A,#N/A
515,BCA,Ramp,Straight Run Ramp,Ramps,Ramp,Item,Object,ARC,IfcRamp,STRAIGHT_RUN_RAMP,Please refer to property sets below,Please refer to properties below,N.A,N.A,N.A,N.A,N.A,IfcRampSTRAIGHT_RUN_RAMP,check,Ramp,#N/A,#N/A
516,LTA,Ramp,Straight Run Ramp,Ramps,Ramp,Item,Object,ARC,IfcRamp,STRAIGHT_RUN_RAMP,Please refer to property sets below,Please refer to properties below,N.A,N.A,N.A,N.A,N.A,IfcRampSTRAIGHT_RUN_RAMP,check,Ramp,#N/A,#N/A
517,BCA,Ramp,Gradient,Ramps,Ramp,Item,Object,ARC,IfcRamp,"*CURVEDRAMP, *FLAREDKERBRAMP, STRAIGHT_RUN_RAMP",SGPset_RampDimension,Gradient,Label,N.A,N.A,N.A,1:25,"IfcRampCURVEDRAMP, *FLAREDKERBRAMP, STRAIGHT_RUN_RAMP",skip,Ramp,Ramp,okay
518,LTA,Ramp,Gradient,Ramps,Ramp,Item,Object,ARC,IfcRamp,"*CURVEDRAMP, *FLAREDKERBRAMP, STRAIGHT_RUN_RAMP",SGPset_RampDimension,Gradient,Label,N.A,N.A,N.A,1:12,"IfcRampCURVEDRAMP, *FLAREDKERBRAMP, STRAIGHT_RUN_RAMP",skip,Ramp,Ramp,okay
519,BCA,Ramp,Width,Ramps,Ramp,Item,Object,ARC,IfcRamp,"*CURVEDRAMP, *FLAREDKERBRAMP, STRAIGHT_RUN_RAMP",SGPset_RampDimension,Width,Length,mm,N.A,N.A,N.A,"IfcRampCURVEDRAMP, *FLAREDKERBRAMP, STRAIGHT_RUN_RAMP",skip,Ramp,Ramp,okay
520,LTA,Ramp,Width,Ramps,Ramp,Item,Object,ARC,IfcRamp,"*CURVEDRAMP, *FLAREDKERBRAMP, STRAIGHT_RUN_RAMP",SGPset_RampDimension,Width,Length,mm,N.A,N.A,N.A,"IfcRampCURVEDRAMP, *FLAREDKERBRAMP, STRAIGHT_RUN_RAMP",skip,Ramp,Ramp,okay
521,BCA,Ramp,Barrier Free Accessibility,Ramps,Ramp,Item,Object,ARC,IfcRamp,"*CURVEDRAMP, *FLAREDKERBRAMP, STRAIGHT_RUN_RAMP",SGPset_Ramp,BarrierFreeAccessibility,Boolean,N.A,N.A,TRUE/FALSE,N.A,"IfcRampCURVEDRAMP, *FLAREDKERBRAMP, STRAIGHT_RUN_RAMP",skip,Ramp,Ramp,okay
522,LTA,Ramp,Transition Ramp,Ramps,Ramp,Item,Object,ARC,IfcRamp,"*CURVEDRAMP, *FLAREDKERBRAMP, STRAIGHT_RUN_RAMP",SGPset_Ramp,TransitionRamp,Boolean,N.A,N.A,TRUE/FALSE,N.A,"IfcRampCURVEDRAMP, *FLAREDKERBRAMP, STRAIGHT_RUN_RAMP",skip,Ramp,Ramp,okay
523,LTA,Ramp,Accessway,Ramps,Ramp,Item,Object,ARC,IfcRamp,"*CURVEDRAMP, *FLAREDKERBRAMP, STRAIGHT_RUN_RAMP",SGPset_Ramp,Accessway,Boolean,N.A,N.A,TRUE/FALSE,N.A,"IfcRampCURVEDRAMP, *FLAREDKERBRAMP, STRAIGHT_RUN_RAMP",skip,Ramp,Ramp,okay
524,LTA,Ramp,Egress,Ramps,Ramp,Item,Object,ARC,IfcRamp,"*CURVEDRAMP, *FLAREDKERBRAMP, STRAIGHT_RUN_RAMP",SGPset_Ramp,Egress,Boolean,N.A,N.A,TRUE/FALSE,N.A,"IfcRampCURVEDRAMP, *FLAREDKERBRAMP, STRAIGHT_RUN_RAMP",skip,Ramp,Ramp,okay
525,LTA,Ramp,Ingress,Ramps,Ramp,Item,Object,ARC,IfcRamp,"*CURVEDRAMP, *FLAREDKERBRAMP, STRAIGHT_RUN_RAMP",SGPset_Ramp,Ingress,Boolean,N.A,N.A,TRUE/FALSE,N.A,"IfcRampCURVEDRAMP, *FLAREDKERBRAMP, STRAIGHT_RUN_RAMP",skip,Ramp,Ramp,okay
526,LTA,Ramp,Vehicular,Ramps,Ramp,Item,Object,ARC,IfcRamp,"*CURVEDRAMP, *FLAREDKERBRAMP, STRAIGHT_RUN_RAMP",SGPset_Ramp,Vehicular,Boolean,N.A,N.A,TRUE/FALSE,N.A,"IfcRampCURVEDRAMP, *FLAREDKERBRAMP, STRAIGHT_RUN_RAMP",skip,Ramp,Ramp,okay
527,LTA,Ramp,Material,Ramps,Ramp,Item,Object,ARC,IfcRamp,"*CURVEDRAMP, *FLAREDKERBRAMP, STRAIGHT_RUN_RAMP",SGPset_Material,Material,Label,N.A,N.A,N.A,N.A,"IfcRampCURVEDRAMP, *FLAREDKERBRAMP, STRAIGHT_RUN_RAMP",skip,Ramp,Mate,check
528,BCA,Refuse Chute / Recyclables Chute,Space Name,Rooms,Zone,N.A,Space,ARC,IfcSpace,SPACE,SGPset_Space,SpaceName,Label,N.A,N.A,"Refuse Chute, Recyclables Chute",N.A,IfcSpaceSPACE,check,Space,Space,okay
529,BCA,Refuse Chute / Recyclables Chute,Construction Method,Model Groups,IFC Assignments,N.A,System,ARC,IfcSpace,SPACE,SGPset_Space,ConstructionMethod,Label,N.A,N.A,"Precast, Prefab, CIS",N.A,IfcSpaceSPACE,check,Space,Space,okay
530,BCA,Refuse Chute / Recyclables Chute,Inner Length,Model Groups,IFC Assignments,N.A,System,ARC,IfcSpace,SPACE,SGPset_SpaceDimension,InnerLength,Length,mm,N.A,N.A,N.A,IfcSpaceSPACE,check,Space,Space,okay
531,BCA,Refuse Chute / Recyclables Chute,Inner Width,Model Groups,IFC Assignments,N.A,System,ARC,IfcSpace,SPACE,SGPset_SpaceDimension,InnerWidth,Length,mm,N.A,N.A,N.A,IfcSpaceSPACE,check,Space,Space,okay
532,BCA,Refuse Chute / Recyclables Chute,Outer Length,Model Groups,IFC Assignments,N.A,System,ARC,IfcSpace,SPACE,SGPset_SpaceDimension,OuterLength,Length,mm,N.A,N.A,N.A,IfcSpaceSPACE,check,Space,Space,okay
533,BCA,Refuse Chute / Recyclables Chute,Outer Width,Model Groups,IFC Assignments,N.A,System,ARC,IfcSpace,SPACE,SGPset_SpaceDimension,OuterWidth,Length,mm,N.A,N.A,N.A,IfcSpaceSPACE,check,Space,Space,okay
534,BCA,Refuse Chute / Recyclables Chute,Chamfer Radius,Model Groups,IFC Assignments,N.A,System,ARC,IfcSpace,SPACE,SGPset_SpaceDimension,ChamferRadius,Length,mm,N.A,N.A,N.A,IfcSpaceSPACE,check,Space,Space,okay
535,NEA,Refuse Chute / Recyclables Chute,Construction Method,Walls,Wall,Panel,Wall,ARC,IfcWall,*REFUSECHUTE,SGPset_Wall,ConstructionMethod,Label,N.A,N.A,"CIS, PC, PT (Pre), PT (Post), PF, PPVC, Spun",N.A,IfcWallREFUSECHUTE,okay,Wall,Wall,okay
536,NEA,Refuse Chute / Recyclables Chute,N.A,Doors,Door,N.A,Door,ARC,IfcDoor,*ACCESSHATCH,Please refer to property sets below,Please refer to properties below,N.A,N.A,N.A,N.A,N.A,IfcDoorACCESSHATCH,okay,Door,#N/A,#N/A
537,NEA,Refuse Chute / Recyclables Chute,N.A,Doors,Door,N.A,Door,ARC,IfcDoor,*RECYCLABLESCHUTEACCESSPANEL,Please refer to property sets below,Please refer to properties below,N.A,N.A,N.A,N.A,N.A,IfcDoorRECYCLABLESCHUTEACCESSPANEL,okay,Door,#N/A,#N/A
538,NEA,Refuse Chute / Recyclables Chute,N.A,Doors,Door,N.A,Door,ARC,IfcDoor,*RECYCLABLESCHUTEHOPPER,Please refer to property sets below,Please refer to properties below,N.A,N.A,N.A,N.A,N.A,IfcDoorRECYCLABLESCHUTEHOPPER,okay,Door,#N/A,#N/A
539,NEA,Refuse Chute / Recyclables Chute,N.A,Doors,Door,N.A,Door,ARC,IfcDoor,*REFUSECHUTEACCESSPANEL,Please refer to property sets below,Please refer to properties below,N.A,N.A,N.A,N.A,N.A,IfcDoorREFUSECHUTEACCESSPANEL,okay,Door,#N/A,#N/A
540,NEA,Refuse Chute / Recyclables Chute,N.A,Doors,Door,N.A,Door,ARC,IfcDoor,*REFUSECHUTEHOPPER,Please refer to property sets below,Please refer to properties below,N.A,N.A,N.A,N.A,N.A,IfcDoorREFUSECHUTEHOPPER,okay,Door,#N/A,#N/A
541,NEA,Refuse Chute / Recyclables Chute,Air Tight,Doors,Door,N.A,Door,ARC,IfcDoor,"*ACCESSHATCH, *RECYCLABLESCHUTEACCESSPANEL, *RECYCLABLESCHUTEHOPPER, *REFUSECHUTEACCESSPANEL, *REFUSECHUTEHOPPER",SGPset_Door,AirTight,Boolean,N.A,N.A,TRUE/FALSE,N.A,"IfcDoorACCESSHATCH, *RECYCLABLESCHUTEACCESSPANEL, *RECYCLABLESCHUTEHOPPER, *REFUSECHUTEACCESSPANEL, *REFUSECHUTEHOPPER",skip,Door,Door,okay
542,NEA,Refuse Chute / Recyclables Chute,Fire Rating,Doors,Door,N.A,Door,ARC,IfcDoor,"*ACCESSHATCH, *RECYCLABLESCHUTEACCESSPANEL, *RECYCLABLESCHUTEHOPPER, *REFUSECHUTEACCESSPANEL, *REFUSECHUTEHOPPER",Pset_DoorCommon,FireRating,Label,hr,N.A,"0.5, 1, 1.5, 2, 2.5, 3, 3.5, 4",N.A,"IfcDoorACCESSHATCH, *RECYCLABLESCHUTEACCESSPANEL, *RECYCLABLESCHUTEHOPPER, *REFUSECHUTEACCESSPANEL, *REFUSECHUTEHOPPER",skip,Door,Door,okay
543,NEA,Refuse Chute / Recyclables Chute,Self Closing,Doors,Door,N.A,Door,ARC,IfcDoor,"*ACCESSHATCH, *RECYCLABLESCHUTEACCESSPANEL, *RECYCLABLESCHUTEHOPPER, *REFUSECHUTEACCESSPANEL, *REFUSECHUTEHOPPER",SGPset_Door,SelfClosing,Boolean,N.A,N.A,TRUE/FALSE,N.A,"IfcDoorACCESSHATCH, *RECYCLABLESCHUTEACCESSPANEL, *RECYCLABLESCHUTEHOPPER, *REFUSECHUTEACCESSPANEL, *REFUSECHUTEHOPPER",skip,Door,Door,okay
544,NEA,Refuse Chute / Recyclables Chute,Volume Controlled,Doors,Door,N.A,Door,ARC,IfcDoor,"*ACCESSHATCH, *RECYCLABLESCHUTEACCESSPANEL, *RECYCLABLESCHUTEHOPPER, *REFUSECHUTEACCESSPANEL, *REFUSECHUTEHOPPER",SGPset_Door,VolumeControlled,Boolean,N.A,N.A,TRUE/FALSE,N.A,"IfcDoorACCESSHATCH, *RECYCLABLESCHUTEACCESSPANEL, *RECYCLABLESCHUTEHOPPER, *REFUSECHUTEACCESSPANEL, *REFUSECHUTEHOPPER",skip,Door,Door,okay
545,NEA,Refuse Chute / Recyclables Chute,Clear Height,Doors,Door,N.A,Door,ARC,IfcDoor,"*ACCESSHATCH, *RECYCLABLESCHUTEACCESSPANEL, *RECYCLABLESCHUTEHOPPER, *REFUSECHUTEACCESSPANEL, *REFUSECHUTEHOPPER",SGPset_DoorDimension,ClearHeight,Length,mm,N.A,N.A,N.A,"IfcDoorACCESSHATCH, *RECYCLABLESCHUTEACCESSPANEL, *RECYCLABLESCHUTEHOPPER, *REFUSECHUTEACCESSPANEL, *REFUSECHUTEHOPPER",skip,Door,Door,okay
546,NEA,Refuse Chute / Recyclables Chute,Clear Width,Doors,Door,N.A,Door,ARC,IfcDoor,"*ACCESSHATCH, *RECYCLABLESCHUTEACCESSPANEL, *RECYCLABLESCHUTEHOPPER, *REFUSECHUTEACCESSPANEL, *REFUSECHUTEHOPPER",SGPset_DoorDimension,ClearWidth,Length,mm,N.A,N.A,N.A,"IfcDoorACCESSHATCH, *RECYCLABLESCHUTEACCESSPANEL, *RECYCLABLESCHUTEHOPPER, *REFUSECHUTEACCESSPANEL, *REFUSECHUTEHOPPER",skip,Door,Door,okay
547,NEA,Refuse Chute / Recyclables Chute,Structural Height,Doors,Door,N.A,Door,ARC,IfcDoor,"*ACCESSHATCH, *RECYCLABLESCHUTEACCESSPANEL, *RECYCLABLESCHUTEHOPPER, *REFUSECHUTEACCESSPANEL, *REFUSECHUTEHOPPER",SGPset_DoorDimension,StructuralHeight,Length,mm,N.A,N.A,710,"IfcDoorACCESSHATCH, *RECYCLABLESCHUTEACCESSPANEL, *RECYCLABLESCHUTEHOPPER, *REFUSECHUTEACCESSPANEL, *REFUSECHUTEHOPPER",skip,Door,Door,okay
548,NEA,Refuse Chute / Recyclables Chute,Structural Width,Doors,Door,N.A,Door,ARC,IfcDoor,"*ACCESSHATCH, *RECYCLABLESCHUTEACCESSPANEL, *RECYCLABLESCHUTEHOPPER, *REFUSECHUTEACCESSPANEL, *REFUSECHUTEHOPPER",SGPset_DoorDimension,StructuralWidth,Length,mm,N.A,N.A,490,"IfcDoorACCESSHATCH, *RECYCLABLESCHUTEACCESSPANEL, *RECYCLABLESCHUTEHOPPER, *REFUSECHUTEACCESSPANEL, *REFUSECHUTEHOPPER",skip,Door,Door,okay
549,NEA,Refuse Chute / Recyclables Chute,Material,Doors,Door,N.A,Door,ARC,IfcDoor,"*ACCESSHATCH, *RECYCLABLESCHUTEACCESSPANEL, *RECYCLABLESCHUTEHOPPER, *REFUSECHUTEACCESSPANEL, *REFUSECHUTEHOPPER",SGPset_Material,Material,Label,N.A,Name,N.A,N.A,"IfcDoorACCESSHATCH, *RECYCLABLESCHUTEACCESSPANEL, *RECYCLABLESCHUTEHOPPER, *REFUSECHUTEACCESSPANEL, *REFUSECHUTEHOPPER",skip,Door,Mate,check
550,NEA,Refuse Chute / Recyclables Chute,Thickness,Doors,Door,N.A,Door,ARC,IfcDoor,"*ACCESSHATCH, *RECYCLABLESCHUTEACCESSPANEL, *RECYCLABLESCHUTEHOPPER, *REFUSECHUTEACCESSPANEL, *REFUSECHUTEHOPPER",SGPset_DoorDimension,Thickness,Length,mm,N.A,N.A,N.A,"IfcDoorACCESSHATCH, *RECYCLABLESCHUTEACCESSPANEL, *RECYCLABLESCHUTEHOPPER, *REFUSECHUTEACCESSPANEL, *REFUSECHUTEHOPPER",skip,Door,Door,okay
551,NEA,Refuse Chute / Recyclables Chute,N.A,Mechanical Equipment,Object,N.A,Object,MEP,IfcTank,*REFUSECONTAINER,Please refer to property sets below,Please refer to properties below,N.A,N.A,N.A,N.A,N.A,IfcTankREFUSECONTAINER,okay,Tank,#N/A,#N/A
552,NEA,Refuse Chute / Recyclables Chute,N.A,Mechanical Equipment,Object,N.A,Object,MEP,IfcTank,*REFUSECOMPACTOR,Please refer to property sets below,Please refer to properties below,N.A,N.A,N.A,N.A,N.A,IfcTankREFUSECOMPACTOR,okay,Tank,#N/A,#N/A
553,NEA,Refuse Chute / Recyclables Chute,N.A,Mechanical Equipment,Object,N.A,Object,MEP,IfcTank,*RECYCLABLECONTAINER,Please refer to property sets below,Please refer to properties below,N.A,N.A,N.A,N.A,N.A,IfcTankRECYCLABLECONTAINER,okay,Tank,#N/A,#N/A
554,NEA,Refuse Chute / Recyclables Chute,N.A,Mechanical Equipment,Object,N.A,Object,MEP,IfcTank,*RECYCLABLECOMPACTOR,Please refer to property sets below,Please refer to properties below,N.A,N.A,N.A,N.A,N.A,IfcTankRECYCLABLECOMPACTOR,okay,Tank,#N/A,#N/A
555,NEA,Refuse Chute / Recyclables Chute,N.A,Mechanical Equipment,Object,N.A,Object,MEP,IfcTank,*REFUSEHANDLINGEQUIPMENT,Please refer to property sets below,Please refer to properties below,N.A,N.A,N.A,N.A,N.A,IfcTankREFUSEHANDLINGEQUIPMENT,okay,Tank,#N/A,#N/A
556,NEA,Refuse Chute / Recyclables Chute,Compaction Ratio,Mechanical Equipment,Object,N.A,Object,MEP,IfcTank,"*REFUSECONTAINER, *REFUSECOMPACTOR, *RECYCLABLECONTAINER, *RECYCLABLECOMPACTOR, *REFUSEHANDLINGEQUIPMENT",SGPset_Tank,CompactionRatio,Real,N.A,N.A,N.A,1:3,"IfcTankREFUSECONTAINER, *REFUSECOMPACTOR, *RECYCLABLECONTAINER, *RECYCLABLECOMPACTOR, *REFUSEHANDLINGEQUIPMENT",skip,Tank,Tank,okay
557,NEA,Refuse Chute / Recyclables Chute,Nominal Capacity,Mechanical Equipment,Object,N.A,Object,MEP,IfcTank,"*REFUSECONTAINER, *REFUSECOMPACTOR, *RECYCLABLECONTAINER, *RECYCLABLECOMPACTOR, *REFUSEHANDLINGEQUIPMENT",Pset_TankTypeCommon,NominalCapacity,Volume,m3,N.A,N.A,N.A,"IfcTankREFUSECONTAINER, *REFUSECOMPACTOR, *RECYCLABLECONTAINER, *RECYCLABLECOMPACTOR, *REFUSEHANDLINGEQUIPMENT",skip,Tank,Tank,okay
558,NEA,Refuse Chute / Recyclables Chute,Colour Code,Mechanical Equipment,Object,N.A,Object,MEP,IfcTank,"*REFUSECONTAINER, *REFUSECOMPACTOR, *RECYCLABLECONTAINER, *RECYCLABLECOMPACTOR, *REFUSEHANDLINGEQUIPMENT",SGPset_Tank,ColourCode,Label,N.A,N.A,N.A,"Pantone 350c (for green colour general waste container/compactor), RAL 5005 (for blue colour recyclables container/compactor)","IfcTankREFUSECONTAINER, *REFUSECOMPACTOR, *RECYCLABLECONTAINER, *RECYCLABLECOMPACTOR, *REFUSEHANDLINGEQUIPMENT",skip,Tank,Tank,okay
559,NEA,Refuse Chute / Recyclables Chute,Base Plate Material,Mechanical Equipment,Object,N.A,Object,MEP,IfcTank,"*REFUSECONTAINER, *REFUSECOMPACTOR, *RECYCLABLECONTAINER, *RECYCLABLECOMPACTOR, *REFUSEHANDLINGEQUIPMENT",SGPset_Material,BasePlateMaterial ,Label,N.A,N.A,N.A,Mild Steel,"IfcTankREFUSECONTAINER, *REFUSECOMPACTOR, *RECYCLABLECONTAINER, *RECYCLABLECOMPACTOR, *REFUSEHANDLINGEQUIPMENT",skip,Tank,Mate,check
560,NEA,Refuse Chute / Recyclables Chute,Base Plate Thickness,Mechanical Equipment,Object,N.A,Object,MEP,IfcTank,"*REFUSECONTAINER, *REFUSECOMPACTOR, *RECYCLABLECONTAINER, *RECYCLABLECOMPACTOR, *REFUSEHANDLINGEQUIPMENT",SGPset_Tank,BasePlateThickness,Length,mm,N.A,N.A,6,"IfcTankREFUSECONTAINER, *REFUSECOMPACTOR, *RECYCLABLECONTAINER, *RECYCLABLECOMPACTOR, *REFUSEHANDLINGEQUIPMENT",skip,Tank,Tank,okay
561,NEA,Refuse Chute / Recyclables Chute,Tail Gate Orientation,Mechanical Equipment,Object,N.A,Object,MEP,IfcTank,"*REFUSECONTAINER, *REFUSECOMPACTOR, *RECYCLABLECONTAINER, *RECYCLABLECOMPACTOR, *REFUSEHANDLINGEQUIPMENT",SGPset_Tank,TailGateOrientation,Label,N.A,N.A,N.A,Inward Facing,"IfcTankREFUSECONTAINER, *REFUSECOMPACTOR, *RECYCLABLECONTAINER, *RECYCLABLECOMPACTOR, *REFUSEHANDLINGEQUIPMENT",skip,Tank,Tank,okay
562,NEA,Refuse Chute / Recyclables Chute,Hook Up Point,Mechanical Equipment,Object,N.A,Object,MEP,IfcTank,"*REFUSECONTAINER, *REFUSECOMPACTOR, *RECYCLABLECONTAINER, *RECYCLABLECOMPACTOR, *REFUSEHANDLINGEQUIPMENT",SGPset_Tank,HookUpPoint,Label,N.A,N.A,N.A,Outward Facing,"IfcTankREFUSECONTAINER, *REFUSECOMPACTOR, *RECYCLABLECONTAINER, *RECYCLABLECOMPACTOR, *REFUSEHANDLINGEQUIPMENT",skip,Tank,Tank,okay
563,NEA,Refuse Chute / Recyclables Chute,Equipment Type,Mechanical Equipment,Object,N.A,Object,MEP,IfcTank,"*REFUSECONTAINER, *REFUSECOMPACTOR, *RECYCLABLECONTAINER, *RECYCLABLECOMPACTOR, *REFUSEHANDLINGEQUIPMENT",SGPset_Tank,EquipmentType,Label,N.A,N.A,N.A,"RORO Compactor, RORO Container, Dust Screw Compactor, Rotary Drum Compactor","IfcTankREFUSECONTAINER, *REFUSECOMPACTOR, *RECYCLABLECONTAINER, *RECYCLABLECOMPACTOR, *REFUSEHANDLINGEQUIPMENT",skip,Tank,Tank,okay
564,NEA,Refuse Handling Equipment,Litre,Mechanical Equipment,Object,N.A,Object,MEP,IfcTank,*RECYCLINGBIN,SGPset_Tank,Litre,Real,L,N.A,N.A,660,IfcTankRECYCLINGBIN,okay,Tank,Tank,okay
565,NEA,Refuse Handling Equipment,Litre,Mechanical Equipment,Object,N.A,Object,MEP,IfcTank,*REFUSEBIN,SGPset_Tank,Litre,Real,L,N.A,N.A,660,IfcTankREFUSEBIN,okay,Tank,Tank,okay
566,SCDF,Road,Designed Vehicle Mass,Floors,Slab,Slab,Slab,ARC,IfcCivilElement,*DRIVEWAY,SGPset_CivilElement,DesignedVehicleMass,Real,N.A,N.A,N.A,N.A,IfcCivilElementDRIVEWAY,skip,CivilElement,CivilElement,okay
567,LTA,Road,Egress,Floors,Slab,Slab,Slab,ARC,IfcCivilElement,*DRIVEWAY,SGPset_CivilElement,Ingress,Boolean,N.A,N.A,TRUE/FALSE,N.A,IfcCivilElementDRIVEWAY,skip,CivilElement,CivilElement,okay
568,LTA,Road,Ingress,Floors,Slab,Slab,Slab,ARC,IfcCivilElement,*DRIVEWAY,SGPset_CivilElement,Egress,Boolean,N.A,N.A,TRUE/FALSE,N.A,IfcCivilElementDRIVEWAY,skip,CivilElement,CivilElement,okay
569,LTA,Road,Material,Floors,Slab,Slab,Slab,ARC,IfcCivilElement,*DRIVEWAY,SGPset_Material,Material,Label,N.A,Name,N.A,N.A,IfcCivilElementDRIVEWAY,skip,CivilElement,Material,check
570,LTA,Road,Road Category,Floors,Slab,Slab,Slab,ARC,IfcCivilElement,*DRIVEWAY,SGPSet_CivilElement,RoadCategory,Label,N.A,N.A,N.A,N.A,IfcCivilElementDRIVEWAY,skip,CivilElement,CivilElement,okay
571,LTA,Road,N.A,Generic Models,Object,N.A,Object,ARC,IfcBuildingElementProxy,*HUMP,N.A,N.A,N.A,N.A,N.A,N.A,N.A,IfcBuildingElementProxyHUMP,okay,BuildingElementProxy,#N/A,#N/A
573,LTA,Road,Egress,Floors,Slab,Slab,Slab,ARC,IfcCivilElement,*CARRIAGEWAY,SGPset_CivilElement,Ingress,Boolean,N.A,N.A,TRUE/FALSE,N.A,IfcCivilElementCARRIAGEWAY,skip,CivilElement,CivilElement,okay
574,LTA,Road,Ingress,Floors,Slab,Slab,Slab,ARC,IfcCivilElement,*CARRIAGEWAY,SGPset_CivilElement,Egress,Boolean,N.A,N.A,TRUE/FALSE,N.A,IfcCivilElementCARRIAGEWAY,skip,CivilElement,CivilElement,okay
575,LTA,Road,Material,Floors,Slab,Slab,Slab,ARC,IfcCivilElement,*CARRIAGEWAY,SGPset_Material,Material,Label,N.A,Name,N.A,N.A,IfcCivilElementCARRIAGEWAY,skip,CivilElement,Material,check
576,LTA,Road,Road Category,Floors,Slab,Slab,Slab,ARC,IfcCivilElement,*CARRIAGEWAY,SGPSet_CivilElement,RoadCategory,Label,N.A,N.A,N.A,N.A,IfcCivilElementCARRIAGEWAY,skip,CivilElement,CivilElement,okay
577,SCDF,Road,Loading Capacity,Areas,Zone,N.A,Space,ARC,IfcSpace,*FIREENGINEACCESSROAD,SGPset_Space,LoadingCapacity,Real,tonnes,N.A,"24,30,50",N.A,IfcSpaceFIREENGINEACCESSROAD,okay,Space,Space,okay
578,SCDF,Road,Loading Capacity,Areas,Zone,N.A,Space,ARC,IfcSpace,*FIREENGINEACCESSWAY,SGPset_Space,LoadingCapacity,Real,tonnes,N.A,"24,30,50",N.A,IfcSpaceFIREENGINEACCESSWAY,okay,Space,Space,okay
579,LTA,Road,Material,Areas,Zone,N.A,Space,ARC,IfcSpace,*PARKINGACCESSWAY,SGPset_Material,Material,Label,N.A,Name,N.A,N.A,IfcSpacePARKINGACCESSWAY,okay,Space,Mater,check
580,NEA,Road,Material,Areas,Zone,N.A,Space,ARC,IfcSpace,*VEHICULARSERVICEROAD,SGPset_Material,Material,Label,N.A,Name,N.A,N.A,IfcSpaceVEHICULARSERVICEROAD,okay,Space,Mater,check
581,LTA,Road,Width,Generic Models,Object,N.A,Object,ARC,IfcBuildingElementProxy,*ACCESSPOINT,SGPset_BuildingElementProxyDimension,Width,Length,mm,N.A,N.A,N.A,IfcBuildingElementProxyACCESSPOINT,okay,BuildingElementProxy,BuildingElementProxy,okay
582,LTA,Road,Egress,Generic Models,Object,N.A,Object,ARC,IfcBuildingElementProxy,*ACCESSPOINT,SGPset_BuildingElementProxy,Egress,Boolean,N.A,N.A,TRUE/FALSE,N.A,IfcBuildingElementProxyACCESSPOINT,okay,BuildingElementProxy,BuildingElementProxy,okay
583,LTA,Road,Ingress,Generic Models,Object,N.A,Object,ARC,IfcBuildingElementProxy,*ACCESSPOINT,SGPset_BuildingElementProxy,Ingress,Boolean,N.A,N.A,TRUE/FALSE,N.A,IfcBuildingElementProxyACCESSPOINT,okay,BuildingElementProxy,BuildingElementProxy,okay
584,LTA,Road,Vehicular,Generic Models,Object,N.A,Object,ARC,IfcBuildingElementProxy,*ACCESSPOINT,SGPset_BuildingElementProxy,Vehicular,Boolean,N.A,N.A,TRUE/FALSE,N.A,IfcBuildingElementProxyACCESSPOINT,okay,BuildingElementProxy,BuildingElementProxy,okay
585,LTA,Road,Kerb Type,Floors,Slab,Slab,Slab,ARC,IfcCivilElement,*ROADKERB,SGPset_CivilElement,KerbType,Label,N.A,N.A,N.A,K2A,IfcCivilElementROADKERB,skip,CivilElement,CivilElement,okay
586,LTA,Road,Thickness,Floors,Slab,Slab,Slab,ARC,IfcCivilElement,*ROADKERB,SGPset_CivilElementDimension,Thickness,Length,mm,N.A,N.A,N.A,IfcCivilElementROADKERB,skip,CivilElement,CivilElement,okay
587,LTA,Road,Height,Floors,Slab,Slab,Slab,ARC,IfcCivilElement,*ROADKERB,SGPset_CivilElementDimension,Height,Length,mm,N.A,N.A,N.A,IfcCivilElementROADKERB,skip,CivilElement,CivilElement,okay
588,LTA,Road,Material,Floors,Slab,Slab,Slab,ARC,IfcCivilElement,*ROADKERB,SGPset_Material,Material,Label,N.A,Name,N.A,N.A,IfcCivilElementROADKERB,skip,CivilElement,Material,check
589,URA,Roof,N.A,Roofs,Roof,N.A,Roof,ARC,IfcRoof,N.A,N.A,N.A,N.A,N.A,N.A,N.A,N.A,IfcRoofN.A,skip,Roof,#N/A,#N/A
590,BCA,Roof,Construction Method,Roofs,Roof,N.A,Roof,ARC,IfcRoof,N.A,SGPset_Roof,ConstructionMethod,Label,N.A,N.A,N.A,N.A,IfcRoofN.A,skip,Roof,Roof,okay
591,NParks,Roof,Material,Roofs,Roof,N.A,Roof,ARC,IfcRoof,N.A,SGPset_Material,Material,Label,N.A,Name,N.A,N.A,IfcRoofN.A,skip,Roof,Mate,check
592,BCA,Roof,Construction Method,Roofs,Slab,Slab,Slab,ARC,IfcSlab,ROOF,SGPset_Slab,ConstructionMethod,Label,N.A,N.A,"CIS, PC, PT (Pre), PT (Post), PF, PPVC, Spun",N.A,IfcSlabROOF,check,Slab,Slab,okay
593,NParks,Roof,Material,Roofs,Slab,Slab,Slab,ARC,IfcSlab,ROOF,SGPset_Material,Material,Label,N.A,Name,N.A,N.A,IfcSlabROOF,check,Slab,Mate,check
594,BCA,Roof,Construction Method,Roofs,Roof,N.A,Roof,ARC,IfcCovering,ROOFING,SGPset_Covering,ConstructionMethod,Label,N.A,N.A,N.A,N.A,IfcCoveringROOFING,check,Covering,Covering,okay
595,NParks,Roof,Material,Roofs,Roof,N.A,Roof,ARC,IfcCovering,ROOFING,SGPset_Material,Material,Label,N.A,Name,N.A,N.A,IfcCoveringROOFING,check,Covering,Material,check
596,All,Sanitary Appliances,System Name,Plumbing Fixtures,Pipe Flow Terminal,N.A,Fixture,MEP,IfcSanitaryTerminal,"BATH, BIDET, SHOWER, URINAL, WASHHANDBASIN, *WATERCLOSET",SGPset_SanitaryTerminal,SystemName,Label,N.A,N.A,N.A,N.A,"IfcSanitaryTerminalBATH, BIDET, SHOWER, URINAL, WASHHANDBASIN, *WATERCLOSET",skip,SanitaryTerminal,SanitaryTerminal,okay
597,All,Sanitary Appliances,System Type,Plumbing Fixtures,Pipe Flow Terminal,N.A,Fixture,MEP,IfcSanitaryTerminal,"BATH, BIDET, SHOWER, URINAL, WASHHANDBASIN, *WATERCLOSET",SGPset_SanitaryTerminal,SystemType,Label,N.A,N.A,N.A,See list of System Types*,"IfcSanitaryTerminalBATH, BIDET, SHOWER, URINAL, WASHHANDBASIN, *WATERCLOSET",skip,SanitaryTerminal,SanitaryTerminal,okay
598,PUB,Sanitary Appliances (Bath),Water Efficiency Labelling Scheme (WELS),Plumbing Fixtures,Pipe Flow Terminal,N.A,Fixture,MEP,IfcSanitaryTerminal,BATH,SGPset_SanitaryTerminal,WELS,Boolean,N.A,N.A,TRUE/FALSE,N.A,IfcSanitaryTerminalBATH,check,SanitaryTerminal,SanitaryTerminal,okay
599,PUB,Sanitary Appliances (Bidet),Water Efficiency Labelling Scheme (WELS),Plumbing Fixtures,Pipe Flow Terminal,N.A,Fixture,MEP,IfcSanitaryTerminal,BIDET,SGPset_SanitaryTerminal,WELS,Boolean,N.A,N.A,TRUE/FALSE,N.A,IfcSanitaryTerminalBIDET,check,SanitaryTerminal,SanitaryTerminal,okay
600,PUB,Sanitary Appliances (Shower),Water Efficiency Labelling Scheme (WELS),Plumbing Fixtures,Pipe Flow Terminal,N.A,Fixture,MEP,IfcSanitaryTerminal,SHOWER,SGPset_SanitaryTerminal,WELS,Boolean,N.A,N.A,TRUE/FALSE,N.A,IfcSanitaryTerminalSHOWER,check,SanitaryTerminal,SanitaryTerminal,okay
601,BCA,Sanitary Appliances (Urinal),Ambulant Disabled,Plumbing Fixtures,Pipe Flow Terminal,N.A,Fixture,ARC,IfcSanitaryTerminal,URINAL,SGPset_SanitaryTerminal,AmbulantDisabled,Boolean,N.A,N.A,TRUE/FALSE,N.A,IfcSanitaryTerminalURINAL,check,SanitaryTerminal,SanitaryTerminal,okay
602,NEA,Sanitary Appliances (Urinal),Children Friendly,Plumbing Fixtures,Pipe Flow Terminal,N.A,Fixture,ARC,IfcSanitaryTerminal,URINAL,SGPset_SanitaryTerminal,ChildrenFriendly,Boolean,N.A,N.A,TRUE/FALSE,N.A,IfcSanitaryTerminalURINAL,check,SanitaryTerminal,SanitaryTerminal,okay
603,NEA,Sanitary Appliances (Urinal),Mounting,Plumbing Fixtures,Pipe Flow Terminal,N.A,Fixture,ARC,IfcSanitaryTerminal,URINAL,SGPset_SanitaryTerminal,Mounting,Label,N.A,N.A,N.A,N.A,IfcSanitaryTerminalURINAL,check,SanitaryTerminal,SanitaryTerminal,okay
604,BCA,Sanitary Appliances (Urinal),Waterless,Plumbing Fixtures,Pipe Flow Terminal,N.A,Fixture,ARC,IfcSanitaryTerminal,URINAL,SGPset_SanitaryTerminal,Waterless,Boolean,N.A,N.A,TRUE/FALSE,N.A,IfcSanitaryTerminalURINAL,check,SanitaryTerminal,SanitaryTerminal,okay
605,PUB,Sanitary Appliances (Urinal),Water Efficiency Labelling Scheme (WELS),Plumbing Fixtures,Pipe Flow Terminal,N.A,Fixture,MEP,IfcSanitaryTerminal,URINAL,SGPset_SanitaryTerminal,WELS,Boolean,N.A,N.A,TRUE/FALSE,N.A,IfcSanitaryTerminalURINAL,check,SanitaryTerminal,SanitaryTerminal,okay
606,NEA,Sanitary Appliances (Wash Basin),Children Friendly,Plumbing Fixtures,Pipe Flow Terminal,N.A,Fixture,ARC,IfcSanitaryTerminal,WASHHANDBASIN,SGPset_SanitaryTerminal,ChildrenFriendly,Boolean,N.A,N.A,TRUE/FALSE,N.A,IfcSanitaryTerminalWASHHANDBASIN,check,SanitaryTerminal,SanitaryTerminal,okay
607,NEA,Sanitary Appliances (Wash Basin),Mounting,Plumbing Fixtures,Pipe Flow Terminal,N.A,Fixture,ARC,IfcSanitaryTerminal,WASHHANDBASIN,SGPset_SanitaryTerminal,Mounting,Label,N.A,N.A,N.A,N.A,IfcSanitaryTerminalWASHHANDBASIN,check,SanitaryTerminal,SanitaryTerminal,okay
608,PUB,Sanitary Appliances (Wash Basin),Water Efficiency Labelling Scheme (WELS),Plumbing Fixtures,Pipe Flow Terminal,N.A,Fixture,MEP,IfcSanitaryTerminal,WASHHANDBASIN,SGPset_SanitaryTerminal,WELS,Boolean,N.A,N.A,TRUE/FALSE,N.A,IfcSanitaryTerminalWASHHANDBASIN,check,SanitaryTerminal,SanitaryTerminal,okay
609,BCA,Sanitary Appliances (Water Closet),Barrier Free Accessibility,Plumbing Fixtures,Pipe Flow Terminal,N.A,Fixture,ARC,IfcSanitaryTerminal,*WATERCLOSET,SGPset_SanitaryTerminal,BarrierFreeAccessibility,Boolean,N.A,N.A,TRUE/FALSE,N.A,IfcSanitaryTerminalWATERCLOSET,okay,SanitaryTerminal,SanitaryTerminal,okay
609,BCA,Sanitary Appliances (Water Closet),Ambulant Disabled,Plumbing Fixtures,Pipe Flow Terminal,N.A,Fixture,ARC,IfcSanitaryTerminal,*WATERCLOSET,SGPset_SanitaryTerminal,AmbulantDisabled,Boolean,N.A,N.A,TRUE/FALSE,N.A,IfcSanitaryTerminalWATERCLOSET,okay,SanitaryTerminal,SanitaryTerminal,okay
610,BCA,Sanitary Appliances (Water Closet),Children Friendly,Plumbing Fixtures,Pipe Flow Terminal,N.A,Fixture,ARC,IfcSanitaryTerminal,*WATERCLOSET,SGPset_SanitaryTerminal,ChildrenFriendly,Boolean,N.A,N.A,TRUE/FALSE,N.A,IfcSanitaryTerminalWATERCLOSET,okay,SanitaryTerminal,SanitaryTerminal,okay
611,NEA,Sanitary Appliances (Water Closet),Pan Mounting,Plumbing Fixtures,Pipe Flow Terminal,N.A,Fixture,ARC,IfcSanitaryTerminal,*WATERCLOSET,SGPset_SanitaryTerminal,PanMounting,Label,N.A,N.A,N.A,N.A,IfcSanitaryTerminalWATERCLOSET,okay,SanitaryTerminal,SanitaryTerminal,okay
612,NEA,Sanitary Appliances (Water Closet),Toilet Pan Type,Plumbing Fixtures,Pipe Flow Terminal,N.A,Fixture,ARC,IfcSanitaryTerminal,*WATERCLOSET,SGPset_SanitaryTerminal,ToiletPanType,Label,N.A,N.A,N.A,N.A,IfcSanitaryTerminalWATERCLOSET,okay,SanitaryTerminal,SanitaryTerminal,okay
613,PUB,Sanitary Appliances (Water Closet),Water Efficiency Labelling Scheme (WELS),Plumbing Fixtures,Pipe Flow Terminal,N.A,Fixture,MEP,IfcSanitaryTerminal,*WATERCLOSET,SGPset_SanitaryTerminal,WELS,Boolean,N.A,N.A,TRUE/FALSE,N.A,IfcSanitaryTerminalWATERCLOSET,okay,SanitaryTerminal,SanitaryTerminal,okay
614,SCDF,Seating,Seating Capacity,Furniture,Object,N.A,Furniture,ARC,IfcFurniture,*BENCH,SGPset_Furniture,SeatingCapacity,Label,N.A,N.A,N.A,N.A,IfcFurnitureBENCH,okay,Furniture,Furniture,okay
615,SCDF,Seating,N.A,Furniture,Object,N.A,Furniture,ARC,IfcFurniture,CHAIR,N.A,N.A,N.A,N.A,N.A,N.A,N.A,IfcFurnitureCHAIR,check,Furniture,#N/A,#N/A
616,SCDF,Security Lighting,N.A,Lighting Fixtures,Object,N.A,Object,MEP,IfcLightFixture,SECURITYLIGHTING,N.A,N.A,N.A,N.A,N.A,N.A,N.A,IfcLightFixtureSECURITYLIGHTING,check,LightFixture,#N/A,#N/A
617,NEA,Sensor,N.A,Mechanical Equipment,Object,N.A,Object,MEP,IfcSensor,LEVELSENSOR,N.A,N.A,N.A,N.A,N.A,N.A,N.A,IfcSensorLEVELSENSOR,check,Sensor,#N/A,#N/A
618,BCA,Shading Device,Shading Device,Generic Models,Object,N.A,Object,ARC,IfcShadingDevice,*LOUVREDPANEL,SGPset_ShadingDevice,ShadingDevice,Label,N.A,N.A,N.A,N.A,IfcShadingDeviceLOUVREDPANEL,okay,ShadingDevice,ShadingDevice,okay
619,SCDF,Signage,Mounting Height,Specialty Equipment,Object,N.A,Object,ARC,IfcBuildingElementProxy,*SIGNAGE_EXIT,SGPset_BuildingElementProxy,MountingHeight,Length,mm,N.A,N.A,N.A,IfcBuildingElementProxySIGNAGE_EXIT,okay,BuildingElementProxy,BuildingElementProxy,okay
620,URA,Site,Number of Workers,Project Information,IFC Project Manager,N.A,Floor Manager,ARC,IfcSite,N.A,SGPset_Site,NumberOfWorkers,Integer,N.A,N.A,N.A,N.A,IfcSiteN.A,skip,Site,Site,okay
621,URA,Site Boundary,Area,Toposolid,Mesh,N.A,Mesh,External Works,IfcGeographicElement,*CADASTRALLOT,SGPset_GeographicElementDimension,Area,Area,m2,N.A,N.A,N.A,IfcGeographicElementCADASTRALLOT,okay,GeographicElement,GeographicElement,okay
622,NPARKS,Site Boundary,Area,Toposolid,Mesh,N.A,Mesh,ARC,IfcGeographicElement,*SITEBOUNDARY,SGPset_GeographicElementDimension,Area,Area,m2,N.A,N.A,N.A,IfcGeographicElementSITEBOUNDARY,okay,GeographicElement,GeographicElement,okay
623,URA,Site Boundary,Broad Land Use,Toposolid,Mesh,N.A,Mesh,ARC,IfcGeographicElement,*SITEBOUNDARY,SGPset_GeographicElement,BroadLandUse,Label,N.A,N.A,"Agriculture, Beach Area, Business 1, Business 1- White, Business 2, Business 2- White, Business Park, Business Park- White, Cemetery, Civic & Community Institution, Commercial, Commercial & Residential, Commercial/Institution, Educational Institution, Health & Medical Care, Hotel, Open Space, Park, Place of Worship, Port/Airport, Rapid Transit, Reserve Site, Residential, Residential with Commercial at 1st storey, Residential/Institution, Road, Special Use, Sports & Recreation, Transport Facilities, Utility, Waterbody, White",N.A,IfcGeographicElementSITEBOUNDARY,okay,GeographicElement,GeographicElement,okay
624,NPARKS,Site Boundary,Vacant Land,Toposolid,Mesh,N.A,Mesh,ARC,IfcGeographicElement,*SITEBOUNDARY,SGPset_GeographicElement,VacantLand,Boolean,N.A,N.A,TRUE/FALSE,N.A,IfcGeographicElementSITEBOUNDARY,okay,GeographicElement,GeographicElement,okay
625,URA,Site Coverage,N.A,Specialty Equipment,Object,N.A,Object,ARC,IfcBuildingElementProxy,*SITECOVERAGE,SGPset_BuildingElementProxy,N.A,N.A,N.A,N.A,N.A,N.A,IfcBuildingElementProxySITECOVERAGE,okay,BuildingElementProxy,BuildingElementProxy,okay
626,BCA,Slab,N.A,Floors,Slab,Concrete Slab,Slab,STR,IfcSlab,N.A,Please refer to property sets below,Please refer to properties below,N.A,N.A,N.A,N.A,N.A,IfcSlabN.A,skip,Slab,#N/A,#N/A
627,BCA,Slab,N.A,Floors,Slab,Concrete Slab,Slab,STR,IfcSlab,FLOOR,Please refer to property sets below,Please refer to properties below,N.A,N.A,N.A,N.A,N.A,IfcSlabFLOOR,check,Slab,#N/A,#N/A
628,BCA,Slab,N.A,Floors,Slab,Concrete Slab,Slab,STR,IfcSlab,LANDING,Please refer to property sets below,Please refer to properties below,N.A,N.A,N.A,N.A,N.A,IfcSlabLANDING,check,Slab,#N/A,#N/A
629,BCA,Slab,Accreditation MAS,Floors,Slab,Concrete Slab,Slab,STR,IfcSlab,"N.A, FLOOR, LANDING",SGPset_Slab,Accreditation_MAS,Boolean,N.A,N.A,TRUE/FALSE,N.A,"IfcSlabN.A, FLOOR, LANDING",skip,Slab,Slab,okay
630,BCA,Slab,Bottom Distribution Nominal,Floors,Slab,Concrete Slab,Slab,STR,IfcSlab,"N.A, FLOOR, LANDING",SGPset_SlabReinforcement,BottomDistribution_nominal,Label,N.A,N.A,N.A,H25-150+H16-300,"IfcSlabN.A, FLOOR, LANDING",skip,Slab,Slab,okay
631,BCA,Slab,Bottom Main Nominal,Floors,Slab,Concrete Slab,Slab,STR,IfcSlab,"N.A, FLOOR, LANDING",SGPset_SlabReinforcement,BottomMain_nominal,Label,N.A,N.A,N.A,H25-150+H16-300,"IfcSlabN.A, FLOOR, LANDING",skip,Slab,Slab,okay
632,BCA,Slab,Construction Method,Floors,Slab,Concrete Slab,Slab,STR,IfcSlab,"N.A, FLOOR, LANDING",SGPset_Slab,ConstructionMethod,Label,N.A,N.A,"CIS, PC, PT (Pre), PT (Post), PF, PPVC, Spun",N.A,"IfcSlabN.A, FLOOR, LANDING",skip,Slab,Slab,okay
633,BCA,Slab,Lattice Girder Reinforcement,Floors,Slab,Concrete Slab,Slab,STR,IfcSlab,"N.A, FLOOR, LANDING",SGPset_Slab,LatticeGirderReinforcement,Boolean,N.A,N.A,TRUE/FALSE,N.A,"IfcSlabN.A, FLOOR, LANDING",skip,Slab,Slab,okay
634,BCA,Slab,Load Bearing,Floors,Slab,Concrete Slab,Slab,STR,IfcSlab,"N.A, FLOOR, LANDING",SGPset_Slab,LoadBearing,Boolean,N.A,N.A,TRUE/FALSE,N.A,"IfcSlabN.A, FLOOR, LANDING",skip,Slab,Slab,okay
635,BCA,Slab,Mark,Floors,Slab,Concrete Slab,Slab,STR,IfcSlab,"N.A, FLOOR, LANDING",SGPset_SlabDimension,Mark,Label,N.A,N.A,N.A,"S1, S01, PS01","IfcSlabN.A, FLOOR, LANDING",skip,Slab,Slab,okay
636,BCA,Slab,Material Grade,Floors,Slab,Concrete Slab,Slab,STR,IfcSlab,"N.A, FLOOR, LANDING",SGPset_Material,MaterialGrade,Label,N.A,Name,"C12/15, C20/25, C30/37, C32/40, C35/45, C40/50, C50/60, C55/67, C60/75, C70/85, C80/95, S235, S275, S355, S460",N.A,"IfcSlabN.A, FLOOR, LANDING",skip,Slab,Mate,check
637,BCA,Slab,Mechanical Connection Type,Floors,Slab,Concrete Slab,Slab,STR,IfcSlab,"N.A, FLOOR, LANDING",SGPset_Slab,MechanicalConnectionType,Label,N.A,N.A,N.A,N.A,"IfcSlabN.A, FLOOR, LANDING",skip,Slab,Slab,okay
638,BCA,Slab,ReferTo2DDetail,Floors,Slab,Concrete Slab,Slab,STR,IfcSlab,"N.A, FLOOR, LANDING",SGPset_Slab,ReferTo2DDetail,Label,N.A,N.A,N.A,Dwg Number,"IfcSlabN.A, FLOOR, LANDING",skip,Slab,Slab,okay
639,BCA,Slab,Reinforcement Steel Grade,Floors,Slab,Concrete Slab,Slab,STR,IfcSlab,"N.A, FLOOR, LANDING",SGPset_Slab,ReinforcementSteelGrade,Label,N.A,N.A,"500A, 500B, 500C, 600A, 600B, 600C",N.A,"IfcSlabN.A, FLOOR, LANDING",skip,Slab,Slab,okay
640,BCA,Slab,Shelter Usage,Floors,Slab,Concrete Slab,Slab,STR,IfcSlab,"N.A, FLOOR, LANDING",SGPset_Slab,ShelterUsage,Boolean,N.A,N.A,TRUE/FALSE,N.A,"IfcSlabN.A, FLOOR, LANDING",skip,Slab,Slab,okay
641,BCA,Slab,Slab Type,Floors,Slab,Concrete Slab,Slab,STR,IfcSlab,"N.A, FLOOR, LANDING",SGPset_Slab,SlabType,Label,N.A,N.A,"One way, Two way, Cantilever, Flat slab, Flat slab with drop panel, Transfer slab",N.A,"IfcSlabN.A, FLOOR, LANDING",skip,Slab,Slab,okay
642,BCA,Slab,Stirrups,Floors,Slab,Concrete Slab,Slab,STR,IfcSlab,"N.A, FLOOR, LANDING",SGPset_SlabReinforcement,Stirrups,Label,N.A,N.A,N.A,1H10-150-300,"IfcSlabN.A, FLOOR, LANDING",skip,Slab,Slab,okay
643,BCA,Slab,Stirrups Type,Floors,Slab,Concrete Slab,Slab,STR,IfcSlab,"N.A, FLOOR, LANDING",SGPset_SlabReinforcement,StirrupsType,Label,N.A,N.A,"Normal, U, C, CL, Torsion",N.A,"IfcSlabN.A, FLOOR, LANDING",skip,Slab,Slab,okay
644,BCA,Slab,Thickness,Floors,Slab,Concrete Slab,Slab,STR,IfcSlab,"N.A, FLOOR, LANDING",SGPset_SlabDimension,Thickness,Length,mm,N.A,N.A,300,"IfcSlabN.A, FLOOR, LANDING",skip,Slab,Slab,okay
645,BCA,Slab,Top Distribution nominal,Floors,Slab,Concrete Slab,Slab,STR,IfcSlab,"N.A, FLOOR, LANDING",SGPset_SlabReinforcement,TopDistribution_nominal,Label,N.A,N.A,N.A,H25-150+H16-300,"IfcSlabN.A, FLOOR, LANDING",skip,Slab,Slab,okay
646,BCA,Slab,Top Main Nominal,Floors,Slab,Concrete Slab,Slab,STR,IfcSlab,"N.A, FLOOR, LANDING",SGPset_SlabReinforcement,TopMain_nominal,Label,N.A,N.A,N.A,H32-150+H20-300,"IfcSlabN.A, FLOOR, LANDING",skip,Slab,Slab,okay
647,BCA,Slab,Type Designator,Floors,Slab,Concrete Slab,Slab,STR,IfcSlab,"N.A, FLOOR, LANDING",SGPset_Slab,TypeDesignator,Label,N.A,N.A,N.A,N.A,"IfcSlabN.A, FLOOR, LANDING",skip,Slab,Slab,okay
648,BCA,Slab,Welded Mesh,Floors,Slab,Slab,Slab,STR,IfcSlab,"N.A, FLOOR, LANDING",SGPset_SlabReinforcement,WeldedMesh,Boolean,N.A,N.A,TRUE/FALSE,N.A,"IfcSlabN.A, FLOOR, LANDING",skip,Slab,Slab,okay
649,SCDF,Soffit,Fire Rating,Roofs,Roof,N.A,Roof,ARC,IfcCovering,*SOFFIT,Pset_CoveringCommon,FireRating,Label,hr,N.A,"0.5, 1, 1.5, 2, 2.5, 3, 3.5, 4",N.A,IfcCoveringSOFFIT,okay,Covering,Covering,okay
650,URA,Space (Area),AGF_DevelopmentUse,Areas,Zone,N.A,Space,ARC,IfcSpace,*AREA_GFA,SGPset_SpaceArea_GFA,AGF_DevelopmentUse,Label,N.A,N.A,Refer to Space Values sheet,N.A,IfcSpaceAREA_GFA,okay,Space,Space,okay
651,URA,Space (Area),AGF_Name,Areas,Zone,N.A,Space,ARC,IfcSpace,*AREA_GFA,SGPset_SpaceArea_GFA,AGF_Name,Label,N.A,N.A,Refer to Space Values sheet,N.A,IfcSpaceAREA_GFA,okay,Space,Space,okay
652,URA,Space (Area),AGF_UnitNumber,Areas,Zone,N.A,Space,ARC,IfcSpace,*AREA_GFA,SGPset_SpaceArea_GFA,AGF_UnitNumber,Label,N.A,N.A,N.A,"B3-01a, B2M-120D, B1M-05A, 01-03A, 01-03b, 10-04ab",IfcSpaceAREA_GFA,okay,Space,Space,okay
653,URA,Space (Area),AGF_BonusGFAType,Areas,Zone,N.A,Space,ARC,IfcSpace,*AREA_GFA,SGPset_SpaceArea_GFA,AGF_BonusGFAType,Label,N.A,N.A,Refer to Space Values sheet,N.A,IfcSpaceAREA_GFA,okay,Space,Space,okay
654,URA,Space (Area),AGF_Note,Areas,Zone,N.A,Space,ARC,IfcSpace,*AREA_GFA,SGPset_SpaceArea_GFA,AGF_Note,Label,N.A,N.A,N.A,N.A,IfcSpaceAREA_GFA,okay,Space,Space,okay
655,URA,Space (Area),AGF_UseQuantum,Areas,Zone,N.A,Space,ARC,IfcSpace,*AREA_GFA,SGPset_SpaceArea_GFA,AGF_UseQuantum,Label,N.A,N.A,"Predominant, Ancillary",N.A,IfcSpaceAREA_GFA,okay,Space,Space,okay
656,URA,Space (Area),AGF_BuildingTypology,Areas,Zone,N.A,Space,ARC,IfcSpace,*AREA_GFA,SGPset_SpaceArea_GFA,AGF_BuildingTypology,Label,N.A,N.A,Refer to Space Values sheet,N.A,IfcSpaceAREA_GFA,okay,Space,Space,okay
657,URA,Space (Area),AGF_SupportingFacility,Areas,Zone,N.A,Space,ARC,IfcSpace,*AREA_GFA,SGPset_SpaceArea_GFA,AGF_SupportingFacility,Label,N.A,N.A,Refer to Space Values sheet,N.A,IfcSpaceAREA_GFA,okay,Space,Space,okay
658,URA,Space (Area),AST_AreaType,Areas,Zone,N.A,Space,ARC,IfcSpace,*AREA_GFA,SGPset_SpaceArea_Strata,AST_AreaType,Label,N.A,N.A,Refer to Space Values sheet,N.A,IfcSpaceAREA_GFA,okay,Space,Space,okay
659,URA,Space (Area),AST_LegalArea,Areas,Zone,N.A,Space,ARC,IfcSpace,*AREA_GFA,SGPset_SpaceArea_Strata,AST_LegalArea,Integer,N.A,N.A,N.A,"101.01, 99.23",IfcSpaceAREA_GFA,okay,Space,Space,okay
660,URA,Space (Area),AST_Prop_StrataLotNumber,Areas,Zone,N.A,Space,ARC,IfcSpace,*AREA_GFA,SGPset_SpaceArea_Strata,AST_Prop_StrataLotNumber,Label,N.A,N.A,N.A,MK02-U017049L,IfcSpaceAREA_GFA,okay,Space,Space,okay
661,URA,Space (Area),AST_Extg_StrataLotNumber,Areas,Zone,N.A,Space,ARC,IfcSpace,*AREA_GFA,SGPset_SpaceArea_Strata,AST_Extg_StrataLotNumber,Label,N.A,N.A,N.A,MK02-U017646Z,IfcSpaceAREA_GFA,okay,Space,Space,okay
662,URA,Space (Area),ACN_ConnectivityType,Areas,Zone,N.A,Space,ARC,IfcSpace,*AREA_GFA,SGPset_SpaceArea_Connectivity,ACN_ConnectivityType,Label,N.A,N.A,"Open Walkway, Covered Walkway, Covered Linkway, Through Block Link, Elevated Pedestrian Link, Underground Pedestrian Link, Public Space Node, Cycling Path, Sky Bridge",N.A,IfcSpaceAREA_GFA,okay,Space,Space,okay
663,URA,Space (Area),ACN_ActivityGeneratingUseType,Areas,Zone,N.A,Space,ARC,IfcSpace,*AREA_GFA,SGPset_SpaceArea_Connectivity,ACN_ActivityGeneratingUseType,Label,N.A,N.A,"Single Side, Double Side",N.A,IfcSpaceAREA_GFA,okay,Space,Space,okay
664,URA,Space (Area),ACN_IsPavingSpecified,Areas,Zone,N.A,Space,ARC,IfcSpace,*AREA_GFA,SGPset_SpaceArea_Connectivity,ACN_IsPavingSpecified,Boolean,N.A,N.A,TRUE/FALSE,N.A,IfcSpaceAREA_GFA,okay,Space,Space,okay
665,URA,Space (Area),ACN_PavingSpecification,Areas,Zone,N.A,Space,ARC,IfcSpace,*AREA_GFA,SGPset_SpaceArea_Connectivity,ACN_PavingSpecification,Label,N.A,N.A,N.A,<UDAREA> PavingSpecification,IfcSpaceAREA_GFA,okay,Space,Space,okay
666,URA,Space (Area),ACN_IsOpen24HoursToPublic,Areas,Zone,N.A,Space,ARC,IfcSpace,*AREA_GFA,SGPset_SpaceArea_Connectivity,ACN_IsOpen24HoursToPublic,Boolean,N.A,N.A,TRUE/FALSE,N.A,IfcSpaceAREA_GFA,okay,Space,Space,okay
667,URA,Space (Area),ACN_OpenTime,Areas,Zone,N.A,Space,ARC,IfcSpace,*AREA_GFA,SGPset_SpaceArea_Connectivity,ACN_OpenTime,Label,N.A,N.A,N.A,0.999988426,IfcSpaceAREA_GFA,okay,Space,Space,okay
668,URA,Space (Area),ACN_CloseTime,Areas,Zone,N.A,Space,ARC,IfcSpace,*AREA_GFA,SGPset_SpaceArea_Connectivity,ACN_CloseTime,Label,N.A,N.A,N.A,0.999988426,IfcSpaceAREA_GFA,okay,Space,Space,okay
669,URA,Space (Area),ALS_LandscapeType,Areas,Zone,N.A,Space,ARC,IfcSpace,*AREA_GFA,SGPset_SpaceArea_Landscape,ALS_LandscapeType,Label,N.A,N.A,Refer to Space Values sheet,N.A,IfcSpaceAREA_GFA,okay,Space,Space,okay
670,URA,Space (Area),ALS_GreeneryFeatures,Areas,Zone,N.A,Space,ARC,IfcSpace,*AREA_GFA,SGPset_SpaceArea_Landscape,ALS_GreeneryFeatures,Label,N.A,N.A,Refer to Space Values sheet,N.A,IfcSpaceAREA_GFA,okay,Space,Space,okay
671,URA,Space (Area),ALS_Species,Areas,Zone,N.A,Space,ARC,IfcSpace,*AREA_GFA,SGPset_SpaceArea_Landscape,ALS_Species,Label,N.A,N.A,N.A,"Ophiopogon jaburan, Codiaeum variegatum, Dracaena marginata, Murraya paniculata",IfcSpaceAREA_GFA,okay,Space,Space,okay
672,URA,Space (Area),AVF_IncludeAsGFA,Areas,Zone,N.A,Space,ARC,IfcSpace,*AREA_GFA,SGPset_SpaceArea_Verification,AVF_IncludeAsGFA,Boolean,N.A,N.A,TRUE/FALSE,N.A,IfcSpaceAREA_GFA,okay,Space,Space,okay
673,All,Space (Usage),Accreditation MAS,Rooms,Zone,N.A,Space,ARC,IfcSpace,SPACE,SGPset_Space,Accreditation_MAS,Boolean,N.A,N.A,TRUE/FALSE,N.A,IfcSpaceSPACE,check,Space,Space,okay
674,All,Space (Usage),Ambulant Disabled,Rooms,Zone,N.A,Space,ARC,IfcSpace,SPACE,SGPset_Space,AmbulantDisabled,Boolean,N.A,N.A,TRUE/FALSE,N.A,IfcSpaceSPACE,check,Space,Space,okay
675,All,Space (Usage),Area,Rooms,Zone,N.A,Space,ARC,IfcSpace,SPACE,SGPset_SpaceDimension,Area,Area,m2,N.A,N.A,N.A,IfcSpaceSPACE,check,Space,Space,okay
676,All,Space (Usage),Barrier Free Accessibility,Rooms,Zone,N.A,Space,ARC,IfcSpace,SPACE,SGPset_Space,BarrierFreeAccessibility,Boolean,N.A,N.A,TRUE/FALSE,N.A,IfcSpaceSPACE,check,Space,Space,okay
677,All,Space (Usage),Children Friendly,Rooms,Zone,N.A,Space,ARC,IfcSpace,SPACE,SGPset_Space,ChildrenFriendly,Boolean,N.A,N.A,TRUE/FALSE,N.A,IfcSpaceSPACE,check,Space,Space,okay
678,All,Space (Usage),C Value,Rooms,Zone,N.A,Space,ARC,IfcSpace,SPACE,SGPset_Space,CValue,Label,N.A,N.A,N.A,0.45 - 1,IfcSpaceSPACE,check,Space,Space,okay
679,All,Space (Usage),Elderly Friendly,Rooms,Zone,N.A,Space,ARC,IfcSpace,SPACE,SGPset_Space,ElderlyFriendly,Boolean,N.A,N.A,TRUE/FALSE,N.A,IfcSpaceSPACE,check,Space,Space,okay
680,All,Space (Usage),Emergency Voice Communication System,Rooms,Zone,N.A,Space,ARC,IfcSpace,SPACE,SGPset_Space,EmergencyVoiceCommunicationSystem,Label,N.A,N.A,"1-way EVC System, 2-way EVC System, Public Address System",N.A,IfcSpaceSPACE,check,Space,Space,okay
681,All,Space (Usage),Fire Detection And Suppression System,Rooms,Zone,N.A,Space,ARC,IfcSpace,SPACE,SGPset_Space,FireDetectionAndSuppressionSystem,Label,N.A,N.A,"Automatic Fire Alarm System, Automatic Sprinkler System, Water Mist System, Video Image Fire Detector System, Kitchen Hood Fire Extinguishing System, Clean Agent Fire Extinguishing System, Automatic Foam Sprinkler System, Foam Extinguisher System",N.A,IfcSpaceSPACE,check,Space,Space,okay
682,All,Space (Usage),Fire Emergency Ventilation Mode,Rooms,Zone,N.A,Space,ARC,IfcSpace,SPACE,SGPset_Space,FireEmergencyVentilationMode,Label,N.A,N.A,"Natural Ventilation, Mechanical Ventilation, Pressurisation, Cross-ventilation, Cross-ventilation with Intermediate Ventilation Opening, Vapour Extraction System (for spray painting room)",N.A,IfcSpaceSPACE,check,Space,Space,okay
683,All,Space (Usage),Fire Exit,Rooms,Zone,N.A,Space,ARC,IfcSpace,SPACE,SGPset_Space,FireExit,Boolean,N.A,N.A,TRUE/FALSE,N.A,IfcSpaceSPACE,check,Space,Space,okay
684,All,Space (Usage),Fully Covered With Trees Shrubs,Rooms,Zone,N.A,Space,ARC,IfcSpace,SPACE,SGPset_Space,FullyCoveredWithTreesShrubs,Boolean,N.A,N.A,TRUE/FALSE,N.A,IfcSpaceSPACE,check,Space,Space,okay
685,All,Space (Usage),Hearing Enhancement,Rooms,Zone,N.A,Space,ARC,IfcSpace,SPACE,SGPset_Space,HearingEnhancement,Boolean,N.A,N.A,TRUE/FALSE,N.A,IfcSpaceSPACE,check,Space,Space,okay
686,All,Space (Usage),Height,Rooms,Zone,N.A,Space,ARC,IfcSpace,SPACE,SGPset_SpaceDimension,Height,Length,mm,N.A,N.A,N.A,IfcSpaceSPACE,check,Space,Space,okay
687,All,Space (Usage),Larger Accessible,Rooms,Zone,N.A,Space,ARC,IfcSpace,SPACE,SGPset_Space,LargerAccessible,Boolean,N.A,N.A,TRUE/FALSE,N.A,IfcSpaceSPACE,check,Space,Space,okay
688,All,Space (Usage),Occupancy Load,Rooms,Zone,N.A,Space,ARC,IfcSpace,SPACE,SGPset_Space,OccupancyLoad,Real,N.A,N.A,N.A,N.A,IfcSpaceSPACE,check,Space,Space,okay
689,All,Space (Usage),Occupancy Type,Rooms,Zone,N.A,Space,ARC,IfcSpace,SPACE,SGPset_Space,OccupancyType,Label,N.A,N.A,Refer to Space Values sheet,N.A,IfcSpaceSPACE,check,Space,Space,okay
690,All,Space (Usage),Parking Type,Rooms,Zone,N.A,Space,ARC,IfcSpace,SPACE,SGPset_Space,ParkingType,Label,N.A,N.A,N.A,"Bicycle, Motorcycle",IfcSpaceSPACE,check,Space,Space,okay
691,All,Space (Usage),Purpose Group,Rooms,Zone,N.A,Space,ARC,IfcSpace,SPACE,SGPset_Space,PurposeGroup,Label,N.A,N.A,N.A,"I, II, III",IfcSpaceSPACE,check,Space,Space,okay
692,All,Space (Usage),Refuse Output,Rooms,Zone,N.A,Space,ARC,IfcSpace,SPACE,SGPset_Space,RefuseOutput,Real,N.A,N.A,N.A,"120, 200",IfcSpaceSPACE,check,Space,Space,okay
693,All,Space (Usage),Retrofit,Rooms,Zone,N.A,Space,ARC,IfcSpace,SPACE,SGPset_Space,Retrofit,Boolean,N.A,N.A,TRUE/FALSE,N.A,IfcSpaceSPACE,check,Space,Space,okay
694,All,Space (Usage),Smoke Control System,Rooms,Zone,N.A,Space,ARC,IfcSpace,SPACE,SGPset_Space,SmokeControlSystem,Label,N.A,N.A,"Smoke Vent, Smoke Purging System, Ductless Jet Fan System, Engineered Smoke Control System",N.A,IfcSpaceSPACE,check,Space,Space,okay
695,All,Space (Usage),Sound Power Level,Rooms,Zone,N.A,Space,ARC,IfcSpace,SPACE,SGPset_Space,SoundPowerLevel,Label,N.A,N.A,N.A,N.A,IfcSpaceSPACE,check,Space,Space,okay
696,All,Space (Usage),Sound Pressure Level,Rooms,Zone,N.A,Space,ARC,IfcSpace,SPACE,SGPset_Space,SoundPressureLevel,Label,N.A,N.A,N.A,N.A,IfcSpaceSPACE,check,Space,Space,okay
697,All,Space (Usage),Space Name,Rooms,Zone,N.A,Space,ARC,IfcSpace,SPACE,SGPset_Space,SpaceName,Label,N.A,N.A,Refer to Space Values sheet,N.A,IfcSpaceSPACE,check,Space,Space,okay
698,All,Space (Usage),Step Ramp Access,Rooms,Zone,N.A,Space,ARC,IfcSpace,SPACE,SGPset_Space,StepRampAccess,Boolean,N.A,N.A,TRUE/FALSE,N.A,IfcSpaceSPACE,check,Space,Space,okay
699,All,Space (Usage),24hr Manned Station,Rooms,Zone,N.A,Space,ARC,IfcSpace,SPACE,SGPset_Space,TwentyFourHourMannedStation,Boolean,N.A,N.A,TRUE/FALSE,N.A,IfcSpaceSPACE,check,Space,Space,okay
700,All,Space (Usage),Unit Number,Rooms,Zone,N.A,Space,ARC,IfcSpace,SPACE,SGPset_Space,UnitNumber,Label,N.A,N.A,N.A,N.A,IfcSpaceSPACE,check,Space,Space,okay
701,All,Space (Usage),Ventilation Mode,Rooms,Zone,N.A,Space,ARC,IfcSpace,SPACE,SGPset_Space,VentilationMode,Label,N.A,N.A,"Natural Ventilation, Air Conditioning, Mechanical Ventilation",N.A,IfcSpaceSPACE,check,Space,Space,okay
702,All,Space (Usage),Ventilation Type,Rooms,Zone,N.A,Space,ARC,IfcSpace,SPACE,SGPset_Space,VentilationType,Label,N.A,N.A,N.A,Cross Ventilation,IfcSpaceSPACE,check,Space,Space,okay
703,All,Space (Usage),Volume,Rooms,Zone,N.A,Space,ARC,IfcSpace,SPACE,SGPset_Space,Volume,Volume,m3,N.A,N.A,N.A,IfcSpaceSPACE,check,Space,Space,okay
704,NEA,Sprinkler (Non-Fire; for NEA),System Name,Sprinklers,Terminal,N.A,Sprinkler,MEP,IfcSanitaryTerminal,*SPRINKLER,SGPset_SanitaryTerminal,SystemName,Label,N.A,N.A,N.A,N.A,IfcSanitaryTerminalSPRINKLER,okay,SanitaryTerminal,SanitaryTerminal,okay
705,NEA,Sprinkler (Non-Fire; for NEA),System Type,Sprinklers,Terminal,N.A,Sprinkler,MEP,IfcSanitaryTerminal,*SPRINKLER,SGPset_SanitaryTerminal,SystemType,Label,N.A,N.A,N.A,N.A,IfcSanitaryTerminalSPRINKLER,okay,SanitaryTerminal,SanitaryTerminal,okay
706,SCDF,Staircase,Fire Exit,Stairs,Stair,Component,Stair,ARC,IfcStair,"CURVED_RUN_STAIR, SPIRAL_STAIR, STRAIGHT_RUN_STAIR, DOUBLE_RETURN_STAIR, HALF_TURN_STAIR, QUARTER_TURN_STAIR, THREE_QUARTER_TURN_STAIR",Pset_StairCommon,FireExit,Boolean,N.A,N.A,TRUE/FALSE,N.A,"IfcStairCURVED_RUN_STAIR, SPIRAL_STAIR, STRAIGHT_RUN_STAIR, DOUBLE_RETURN_STAIR, HALF_TURN_STAIR, QUARTER_TURN_STAIR, THREE_QUARTER_TURN_STAIR",skip,Stair,Stair,okay
713,BCA,Staircase,N.A,Stairs,Stair,Component,Stair,ARC,IfcStairFlight,CURVED,Please refer to property sets below,Please refer to properties below,N.A,N.A,N.A,N.A,N.A,IfcStairFlightCURVED,check,StairFlight,#N/A,#N/A
714,BCA,Staircase,N.A,Stairs,Stair,Component,Stair,ARC,IfcStairFlight,SPIRAL,Please refer to property sets below,Please refer to properties below,N.A,N.A,N.A,N.A,N.A,IfcStairFlightSPIRAL,check,StairFlight,#N/A,#N/A
715,BCA,Staircase,N.A,Stairs,Stair,Component,Stair,ARC,IfcStairFlight,WINDER,Please refer to property sets below,Please refer to properties below,N.A,N.A,N.A,N.A,N.A,IfcStairFlightWINDER,check,StairFlight,#N/A,#N/A
716,BCA,Staircase,N.A,Stairs,Stair,Component,Stair,ARC,IfcStairFlight,STRAIGHT,Please refer to property sets below,Please refer to properties below,N.A,N.A,N.A,N.A,N.A,IfcStairFlightSTRAIGHT,check,StairFlight,#N/A,#N/A
717,BCA,Staircase,Riser Count,Stairs,Stair,Component,Stair,ARC,IfcStairFlight,N.A,Pset_StairFlightCommon,NumberOfRiser,Integer,N.A,N.A,N.A,N.A,IfcStairFlightN.A,skip,StairFlight,StairFlight,okay
718,BCA,Staircase,Riser Height,Stairs,Stair,Component,Stair,ARC,IfcStairFlight,N.A,Pset_StairFlightCommon,RiserHeight,Length,mm,N.A,N.A,N.A,IfcStairFlightN.A,skip,StairFlight,StairFlight,okay
719,BCA,Staircase,Tread Count,Stairs,Stair,Component,Stair,ARC,IfcStairFlight,N.A,Pset_StairFlightCommon,NumberOfTreads,Integer,N.A,N.A,N.A,N.A,IfcStairFlightN.A,skip,StairFlight,StairFlight,okay
720,SCDF,Staircase,Tread Length,Stairs,Stair,Component,Stair,ARC,IfcStairFlight,N.A,Pset_StairFlightCommon,TreadLength,Length,mm,N.A,N.A,N.A,IfcStairFlightN.A,skip,StairFlight,StairFlight,okay
721,BCA,Staircase,Material Grade,Stairs,Stair,Component,Stair,ARC,IfcStairFlight,N.A,SGPset_Material,MaterialGrade,Label,N.A,Name,"C12/15, C20/25, C30/37, C32/40, C35/45, C40/50, C50/60, C55/67, C60/75, C70/85, C80/95, S235, S275, S355, S460",N.A,IfcStairFlightN.A,skip,StairFlight,Material,check
722,BCA,Staircase,Construction Method,Stairs,Stair,Component,Stair,ARC,IfcStairFlight,N.A,SGPset_StairFlight,ConstructionMethod,Label,N.A,N.A,"CIS, PC, PT (Pre), PT (Post), PF, PPVC, Spun",N.A,IfcStairFlightN.A,skip,StairFlight,StairFlight,okay
723,BCA,Staircase,Space Name (for staircase core),Stairs,Stair,Component,Stair,ARC,IfcSpace,SPACE,SGPset_Space,SpaceName,Label,N.A,N.A,"external exit staircase, internal exit staircase, staircase",N.A,IfcSpaceSPACE,check,Space,Space,okay
724,BCA,Staircase,Bottom Distribution,Stairs,Stair,Component,Stair,STR,IfcStair,N.A,SGPset_StairReinforcement,BottomDistribution,Label,N.A,N.A,N.A,H25-150+H16-300,IfcStairN.A,skip,Stair,Stair,okay
725,BCA,Staircase,Bottom Main,Stairs,Stair,Component,Stair,STR,IfcStair,N.A,SGPset_StairReinforcement,BottomMain,Label,N.A,N.A,N.A,H25-150+H16-300,IfcStairN.A,skip,Stair,Stair,okay
726,BCA,Staircase,Connection Details Bottom,Stairs,Stair,Component,Stair,STR,IfcStair,N.A,SGPset_StairSteelConnection,ConnectionDetailsBottom,Label,N.A,N.A,N.A,Detail 1,IfcStairN.A,skip,Stair,Stair,okay
727,BCA,Staircase,Connection Details Top,Stairs,Stair,Component,Stair,STR,IfcStair,N.A,SGPset_StairSteelConnection,ConnectionDetailsTop,Label,N.A,N.A,N.A,Detail 1,IfcStairN.A,skip,Stair,Stair,okay
728,BCA,Staircase,Connection Type Bottom,Stairs,Stair,Component,Stair,STR,IfcStair,N.A,SGPset_StairSteelConnection,ConnectionTypeBottom,Label,N.A,N.A,"Pinned, Fixed, Free",N.A,IfcStairN.A,skip,Stair,Stair,okay
729,BCA,Staircase,Connection Type Top,Stairs,Stair,Component,Stair,STR,IfcStair,N.A,SGPset_StairSteelConnection,ConnectionTypeTop,Label,N.A,N.A,"Pinned, Fixed, Free",N.A,IfcStairN.A,skip,Stair,Stair,okay
730,BCA,Staircase,Mark,Stairs,Stair,Component,Stair,STR,IfcStair,N.A,SGPset_Stair,Mark,Label,N.A,N.A,N.A,"ST1, ST-A1",IfcStairN.A,skip,Stair,Stair,okay
731,BCA,Staircase,Member Section,Stairs,Stair,Component,Stair,STR,IfcStair,N.A,SGPset_StairDimension,MemberSection,Label,N.A,N.A,N.A,"RHS600x30x4, CHS500x3.0, 254x254x63 kg/m",IfcStairN.A,skip,Stair,Stair,okay
732,BCA,Staircase,ReferTo2DDetail,Stairs,Stair,Component,Stair,STR,IfcStair,N.A,SGPset_Stair,ReferTo2DDetail,Label,N.A,N.A,N.A,Dwg Number,IfcStairN.A,skip,Stair,Stair,okay
733,BCA,Staircase,Reinforcement Steel Grade,Stairs,Stair,Component,Stair,STR,IfcStair,N.A,SGPset_Stair,ReinforcementSteelGrade,Label,N.A,N.A,"500A, 500B, 500C, 600A, 600B, 600C",N.A,IfcStairN.A,skip,Stair,Stair,okay
734,BCA,Staircase,Section Fabrication Method,Stairs,Stair,Component,Stair,STR,IfcStair,N.A,SGPset_Stair,SectionFabricationMethod,Label,N.A,N.A,"Hot rolled, Cold formed",N.A,IfcStairN.A,skip,Stair,Stair,okay
735,BCA,Staircase,Thickness,Stairs,Stair,Component,Stair,STR,IfcStair,N.A,SGPset_StairDimension,Thickness,Length,mm,N.A,N.A,150,IfcStairN.A,skip,Stair,Stair,okay
736,BCA,Staircase,Top Distribution,Stairs,Stair,Component,Stair,STR,IfcStair,N.A,SGPset_StairReinforcement,TopDistribution,Label,N.A,N.A,N.A,H25-150+H16-300,IfcStairN.A,skip,Stair,Stair,okay
737,BCA,Staircase,Top Main,Stairs,Stair,Component,Stair,STR,IfcStair,N.A,SGPset_StairReinforcement,TopMain,Label,N.A,N.A,N.A,H32-150+H20-300,IfcStairN.A,skip,Stair,Stair,okay
738,BCA,Staircase,Width,Stairs,Stair,Component,Stair,STR,IfcStair,N.A,SGPset_StairDimension,Width,Length,mm,N.A,N.A,2200,IfcStairN.A,skip,Stair,Stair,okay
739,BCA,Staircase,Construction Method,Stairs,Stair,Component,Stair,STR,IfcStairFlight,N.A,SGPset_Stairflight,ConstructionMethod,Label,N.A,N.A,"CIS, PC, PT (Pre), PT (Post), PF, PPVC, Spun",N.A,IfcStairFlightN.A,skip,StairFlight,Stairflight,okay
740,BCA,Staircase,Material Grade,Stairs,Stair,Component,Stair,STR,IfcStairFlight,N.A,SGPset_Material,MaterialGrade,Label,N.A,Name,"C12/15, C20/25, C30/37, C32/40, C35/45, C40/50, C50/60, C55/67, C60/75, C70/85, C80/95, S235, S275, S355, S460",N.A,IfcStairFlightN.A,skip,StairFlight,Material,check
741,BCA,Staircase,Mechanical Connection Type,Stairs,Stair,Component,Stair,STR,IfcStairFlight,N.A,SGPset_StairFlight,MechanicalConnectionType,Label,N.A,N.A,N.A,N.A,IfcStairFlightN.A,skip,StairFlight,StairFlight,okay
742,SCDF,Tank,N.A,Mechanical Equipment,Object,N.A,Object,MEP,IfcTank,STORAGE,Please refer to property sets below,Please refer to properties below,N.A,N.A,N.A,N.A,N.A,IfcTankSTORAGE,check,Tank,#N/A,#N/A
743,PUB,Tank,N.A,Mechanical Equipment,Object,N.A,Object,MEP,IfcTank,*DETENTIONTANK,Please refer to property sets below,Please refer to properties below,N.A,N.A,N.A,N.A,N.A,IfcTankDETENTIONTANK,okay,Tank,#N/A,#N/A
744,PUB,Tank,N.A,Mechanical Equipment,Object,N.A,Object,MEP,IfcTank,*RAINWATERHARVESTINGTANK,Please refer to property sets below,Please refer to properties below,N.A,N.A,N.A,N.A,N.A,IfcTankRAINWATERHARVESTINGTANK,okay,Tank,#N/A,#N/A
745,PUB,Tank,N.A,Mechanical Equipment,Object,N.A,Object,MEP,IfcTank,*IRRIGATIONTANK,Please refer to property sets below,Please refer to properties below,N.A,N.A,N.A,N.A,N.A,IfcTankIRRIGATIONTANK,okay,Tank,#N/A,#N/A
746,PUB,Tank,N.A,Mechanical Equipment,Object,N.A,Object,MEP,IfcTank,*SPRINKLERTANK,Please refer to property sets below,Please refer to properties below,N.A,N.A,N.A,N.A,N.A,IfcTankSPRINKLERTANK,okay,Tank,#N/A,#N/A
747,PUB,Tank,N.A,Mechanical Equipment,Object,N.A,Object,MEP,IfcTank,*BALANCINGTANK,Please refer to property sets below,Please refer to properties below,N.A,N.A,N.A,N.A,N.A,IfcTankBALANCINGTANK,okay,Tank,#N/A,#N/A
748,PUB,Tank,N.A,Mechanical Equipment,Object,N.A,Object,MEP,IfcTank,*SECTIONAL,Please refer to property sets below,Please refer to properties below,N.A,N.A,N.A,N.A,N.A,IfcTankSECTIONAL,okay,Tank,#N/A,#N/A
749,PUB,Tank,N.A,Mechanical Equipment,Object,N.A,Object,MEP,IfcTank,VESSEL,Please refer to property sets below,Please refer to properties below,N.A,N.A,N.A,N.A,N.A,IfcTankVESSEL,check,Tank,#N/A,#N/A
750,PUB,Tank,N.A,Mechanical Equipment,Object,N.A,Object,MEP,IfcTank,*RECHARGEWELL,Please refer to property sets below,Please refer to properties below,N.A,N.A,N.A,N.A,N.A,IfcTankRECHARGEWELL,okay,Tank,#N/A,#N/A
751,PUB,Tank,Is Potable,Mechanical Equipment,Object,N.A,Object,MEP,IfcTank,"STORAGE, *DETENTIONTANK, *RAINWATERHARVESTINGTANK, *IRRIGATIONTANK, *SPRINKLERTANK, *BALANCINGTANK, *SECTIONAL, VESSEL, *RECHARGEWELL",SGPset_Tank,IsPotable,Boolean,N.A,N.A,TRUE/FALSE,N.A,"IfcTankSTORAGE, *DETENTIONTANK, *RAINWATERHARVESTINGTANK, *IRRIGATIONTANK, *SPRINKLERTANK, *BALANCINGTANK, *SECTIONAL, VESSEL, *RECHARGEWELL",skip,Tank,Tank,okay
752,PUB,Tank,Nominal Capacity,Mechanical Equipment,Object,N.A,Object,MEP,IfcTank,"STORAGE, *DETENTIONTANK, *RAINWATERHARVESTINGTANK, *IRRIGATIONTANK, *SPRINKLERTANK, *BALANCINGTANK, *SECTIONAL, VESSEL, *RECHARGEWELL",Pset_TankTypeCommon,NominalCapacity,Volume,m3,N.A,N.A,N.A,"IfcTankSTORAGE, *DETENTIONTANK, *RAINWATERHARVESTINGTANK, *IRRIGATIONTANK, *SPRINKLERTANK, *BALANCINGTANK, *SECTIONAL, VESSEL, *RECHARGEWELL",skip,Tank,Tank,okay
753,PUB,Tank,Effective Capacity,Mechanical Equipment,Object,N.A,Object,MEP,IfcTank,"STORAGE, *DETENTIONTANK, *RAINWATERHARVESTINGTANK, *IRRIGATIONTANK, *SPRINKLERTANK, *BALANCINGTANK, *SECTIONAL, VESSEL, *RECHARGEWELL",Pset_TankTypeCommon,EffectiveCapacity,Volume,m3,N.A,N.A,N.A,"IfcTankSTORAGE, *DETENTIONTANK, *RAINWATERHARVESTINGTANK, *IRRIGATIONTANK, *SPRINKLERTANK, *BALANCINGTANK, *SECTIONAL, VESSEL, *RECHARGEWELL",skip,Tank,Tank,okay
754,PUB,Tank,Diameter,Mechanical Equipment,Object,N.A,Object,MEP,IfcTank,"STORAGE, *DETENTIONTANK, *RAINWATERHARVESTINGTANK, *IRRIGATIONTANK, *SPRINKLERTANK, *BALANCINGTANK, *SECTIONAL, VESSEL, *RECHARGEWELL",SGPset_TankDimension,Diameter,Length,mm,N.A,N.A,N.A,"IfcTankSTORAGE, *DETENTIONTANK, *RAINWATERHARVESTINGTANK, *IRRIGATIONTANK, *SPRINKLERTANK, *BALANCINGTANK, *SECTIONAL, VESSEL, *RECHARGEWELL",skip,Tank,Tank,okay
755,PUB,Tank,Height,Mechanical Equipment,Object,N.A,Object,MEP,IfcTank,"STORAGE, *DETENTIONTANK, *RAINWATERHARVESTINGTANK, *IRRIGATIONTANK, *SPRINKLERTANK, *BALANCINGTANK, *SECTIONAL, VESSEL, *RECHARGEWELL",SGPset_TankDimension,Height,Length,mm,N.A,N.A,N.A,"IfcTankSTORAGE, *DETENTIONTANK, *RAINWATERHARVESTINGTANK, *IRRIGATIONTANK, *SPRINKLERTANK, *BALANCINGTANK, *SECTIONAL, VESSEL, *RECHARGEWELL",skip,Tank,Tank,okay
756,PUB,Tank,Length,Mechanical Equipment,Object,N.A,Object,MEP,IfcTank,"STORAGE, *DETENTIONTANK, *RAINWATERHARVESTINGTANK, *IRRIGATIONTANK, *SPRINKLERTANK, *BALANCINGTANK, *SECTIONAL, VESSEL, *RECHARGEWELL",SGPset_TankDimension,Length,Length,mm,N.A,N.A,N.A,"IfcTankSTORAGE, *DETENTIONTANK, *RAINWATERHARVESTINGTANK, *IRRIGATIONTANK, *SPRINKLERTANK, *BALANCINGTANK, *SECTIONAL, VESSEL, *RECHARGEWELL",skip,Tank,Tank,okay
757,PUB,Tank,Thickness,Mechanical Equipment,Object,N.A,Object,MEP,IfcTank,"STORAGE, *DETENTIONTANK, *RAINWATERHARVESTINGTANK, *IRRIGATIONTANK, *SPRINKLERTANK, *BALANCINGTANK, *SECTIONAL, VESSEL, *RECHARGEWELL",SGPset_TankDimension,Thickness,Length,mm,N.A,N.A,N.A,"IfcTankSTORAGE, *DETENTIONTANK, *RAINWATERHARVESTINGTANK, *IRRIGATIONTANK, *SPRINKLERTANK, *BALANCINGTANK, *SECTIONAL, VESSEL, *RECHARGEWELL",skip,Tank,Tank,okay
758,PUB,Tank,Width,Mechanical Equipment,Object,N.A,Object,MEP,IfcTank,"STORAGE, *DETENTIONTANK, *RAINWATERHARVESTINGTANK, *IRRIGATIONTANK, *SPRINKLERTANK, *BALANCINGTANK, *SECTIONAL, VESSEL, *RECHARGEWELL",SGPset_TankDimension,Width,Length,mm,N.A,N.A,N.A,"IfcTankSTORAGE, *DETENTIONTANK, *RAINWATERHARVESTINGTANK, *IRRIGATIONTANK, *SPRINKLERTANK, *BALANCINGTANK, *SECTIONAL, VESSEL, *RECHARGEWELL",skip,Tank,Tank,okay
759,PUB,Tank,Trade Effluent,Mechanical Equipment,Object,N.A,Object,MEP,IfcTank,"STORAGE, *DETENTIONTANK, *RAINWATERHARVESTINGTANK, *IRRIGATIONTANK, *SPRINKLERTANK, *BALANCINGTANK, *SECTIONAL, VESSEL, *RECHARGEWELL",SGPset_Tank,TradeEffluent,Boolean,N.A,N.A,TRUE/FALSE,N.A,"IfcTankSTORAGE, *DETENTIONTANK, *RAINWATERHARVESTINGTANK, *IRRIGATIONTANK, *SPRINKLERTANK, *BALANCINGTANK, *SECTIONAL, VESSEL, *RECHARGEWELL",skip,Tank,Tank,okay
760,PUB,Tank,EquipmentType,Mechanical Equipment,Object,N.A,Object,MEP,IfcTank,"STORAGE, *DETENTIONTANK, *RAINWATERHARVESTINGTANK, *IRRIGATIONTANK, *SPRINKLERTANK, *BALANCINGTANK, *SECTIONAL, VESSEL, *RECHARGEWELL",SGPset_Tank,EquipmentType,Label,N.A,N.A,N.A,N.A,"IfcTankSTORAGE, *DETENTIONTANK, *RAINWATERHARVESTINGTANK, *IRRIGATIONTANK, *SPRINKLERTANK, *BALANCINGTANK, *SECTIONAL, VESSEL, *RECHARGEWELL",skip,Tank,Tank,okay
761,PUB,Tank (RC Tank),SpaceName,Rooms,Zone,N.A,Space,ARC,IfcSpace,SPACE,SGPset_Space,SpaceName,Label,N.A,N.A,"balancing tank, detention tank, domestic booster tank, domestic water tank, hot water tank, make up water tank, NEWater tank, pneumatic tank, portable water tank, rainwater harvesting tank, irrigation tank, sprinkler tank",N.A,IfcSpaceSPACE,check,Space,Space,okay
762,PUB,Tank (RC Tank),Area,Rooms,Zone,N.A,Space,ARC,IfcSpace,SPACE,SGPset_SpaceDimension,Area,Area,m2,N.A,N.A,N.A,IfcSpaceSPACE,check,Space,Space,okay
763,PUB,Tank (RC Tank),Height,Rooms,Zone,N.A,Space,ARC,IfcSpace,SPACE,SGPset_SpaceDimension,Height,Length,mm,N.A,N.A,N.A,IfcSpaceSPACE,check,Space,Space,okay
764,PUB,Tank (RC Tank),Thickness,Rooms,Zone,N.A,Space,ARC,IfcSpace,SPACE,SGPset_SpaceDimension,Thickness,Length,mm,N.A,N.A,N.A,IfcSpaceSPACE,check,Space,Space,okay
765,PUB,Tank (RC Tank),NominalCapacity,Rooms,Zone,N.A,Space,ARC,IfcSpace,SPACE,SGPset_Space,NominalCapacity,Volume,m3,N.A,N.A,N.A,IfcSpaceSPACE,check,Space,Space,okay
766,PUB,Tank (RC Tank),EffectiveCapacity,Rooms,Zone,N.A,Space,ARC,IfcSpace,SPACE,SGPset_Space,EffectiveCapacity,Volume,m3,N.A,N.A,N.A,IfcSpaceSPACE,check,Space,Space,okay
767,PUB,Tank (RC Tank),Is Potable,Rooms,Zone,N.A,Space,ARC,IfcSpace,SPACE,SGPset_Space,IsPotable,Boolean,N.A,N.A,TRUE/FALSE,N.A,IfcSpaceSPACE,check,Space,Space,okay
768,PUB,Type Bedding for Pipe,BeddingType,Generic Models,Object,N.A,Object,STR,IfcPipeSegment,*FOUNDATION,SGPset_PipeSegment,BeddingType,Label,N.A,N.A,N.A,"Type 1, Type 2, Type 3",IfcPipeSegmentFOUNDATION,okay,PipeSegment,PipeSegment,okay
769,SCDF,Valve,N.A,Pipe Accessories,Pipe In-line Flow Device,N.A,Valve,MEP,IfcValve,*LANDINGVALVE,N.A,N.A,N.A,N.A,N.A,N.A,N.A,IfcValveLANDINGVALVE,okay,Valve,#N/A,#N/A
770,SCDF,Valve,N.A,Pipe Accessories,Pipe In-line Flow Device,N.A,Valve,MEP,IfcValve,*SPRINKLERCONTROL,N.A,N.A,N.A,N.A,N.A,N.A,N.A,IfcValveSPRINKLERCONTROL,okay,Valve,#N/A,#N/A
771,PUB,Valve,N.A,Pipe Accessories,Pipe In-line Flow Device,N.A,Valve,MEP,IfcValve,DOUBLECHECK,N.A,N.A,N.A,N.A,N.A,N.A,N.A,IfcValveDOUBLECHECK,check,Valve,#N/A,#N/A
772,PUB,Valve,N.A,Pipe Accessories,Pipe In-line Flow Device,N.A,Valve,MEP,IfcValve,MIXING,N.A,N.A,N.A,N.A,N.A,N.A,N.A,IfcValveMIXING,check,Valve,#N/A,#N/A
773,PUB,Valve,N.A,Pipe Accessories,Pipe In-line Flow Device,N.A,Valve,MEP,IfcValve,*AIRADMITTANCE,N.A,N.A,N.A,N.A,N.A,N.A,N.A,IfcValveAIRADMITTANCE,okay,Valve,#N/A,#N/A
774,PUB,Valve,N.A,Pipe Accessories,Pipe In-line Flow Device,N.A,Valve,MEP,IfcValve,*DRAINOFFCOCK,N.A,N.A,N.A,N.A,N.A,N.A,N.A,IfcValveDRAINOFFCOCK,okay,Valve,#N/A,#N/A
775,NEA,Valve,N.A,Pipe Accessories,Pipe In-line Flow Device,N.A,Valve,MEP,IfcValve,CHECK,N.A,N.A,N.A,N.A,N.A,N.A,N.A,IfcValveCHECK,check,Valve,#N/A,#N/A
776,NEA,Valve,N.A,Pipe Accessories,Pipe In-line Flow Device,N.A,Valve,MEP,IfcValve,ISOLATING,N.A,N.A,N.A,N.A,N.A,N.A,N.A,IfcValveISOLATING,check,Valve,#N/A,#N/A
777,PUB,Valve,N.A,Pipe Accessories,Pipe In-line Flow Device,N.A,Valve,MEP,IfcValve,FAUCET,N.A,N.A,N.A,N.A,N.A,N.A,N.A,IfcValveFAUCET,check,Valve,#N/A,#N/A
778,All,Valve,System Name,Pipe Accessories,Pipe In-line Flow Device,N.A,Valve,MEP,IfcValve,"*LANDINGVALVE, *SPRINKLERCONTROL, DOUBLECHECK, MIXING, *AIRADMITTANCE, *DRAINOFFCOCK, CHECK, ISOLATING, FAUCET",SGPset_Valve,SystemName,N.A,N.A,N.A,N.A,N.A,,,,,
779,All,Valve,System Type,Pipe Accessories,Pipe In-line Flow Device,N.A,Valve,MEP,IfcValve,"*LANDINGVALVE, *SPRINKLERCONTROL, DOUBLECHECK, MIXING, *AIRADMITTANCE, *DRAINOFFCOCK, CHECK, ISOLATING, FAUCET",SGPset_Valve,SystemType,N.A,N.A,N.A,N.A,N.A,,,,,
780,NParks,Wall,N.A,Walls,Wall,Panel,Wall,ARC,IfcWall,*BOUNDARYWALL,Please refer to property sets below,Please refer to properties below,N.A,N.A,N.A,N.A,N.A,IfcWallBOUNDARYWALL,okay,Wall,#N/A,#N/A
781,URA,Wall,N.A,Walls,Wall,Panel,Wall,ARC,IfcWall,PARAPET,Please refer to property sets below,Please refer to properties below,N.A,N.A,N.A,N.A,N.A,IfcWallPARAPET,check,Wall,#N/A,#N/A
782,URA,Wall,N.A,Walls,Wall,Panel,Wall,ARC,IfcWall,RETAININGWALL,Please refer to property sets below,Please refer to properties below,N.A,N.A,N.A,N.A,N.A,IfcWallRETAININGWALL,check,Wall,#N/A,#N/A
783,BCA,Wall,Construction Method,Walls,Wall,Panel,Wall,ARC,IfcWall,"*BOUNDARYWALL, PARAPET, RETAININGWALL",SGPset_Wall,ConstructionMethod,Label,N.A,N.A,"CIS, PC, PT (Pre), PT (Post), PF, PPVC, Spun",N.A,"IfcWallBOUNDARYWALL, PARAPET, RETAININGWALL",skip,Wall,Wall,okay
784,BCA,Wall,Is Party Wall,Walls,Wall,Panel,Wall,ARC,IfcWall,"*BOUNDARYWALL, PARAPET, RETAININGWALL",SGPset_Wall,IsPartyWall,Boolean,N.A,N.A,TRUE/FALSE,N.A,"IfcWallBOUNDARYWALL, PARAPET, RETAININGWALL",skip,Wall,Wall,okay
785,BCA,Wall,Arrangement Type,Walls,Wall,Concrete Panel,Wall,STR,IfcWall,N.A,SGPset_Wall,ArrangementType,Label,N.A,N.A,N.A,N.A,IfcWallN.A,skip,Wall,Wall,okay
786,BCA,Wall,Beam Façade,Walls,Wall,Concrete Panel,Wall,STR,IfcWall,N.A,SGPset_Wall,BeamFaçade,Boolean,N.A,N.A,TRUE/FALSE,N.A,IfcWallN.A,skip,Wall,Wall,okay
787,BCA,Wall,Construction Method,Walls,Wall,Concrete Panel,Wall,STR,IfcWall,N.A,SGPset_Wall,ConstructionMethod,Label,N.A,N.A,"CIS, PC, PT (Pre), PT (Post), PF, PPVC, Spun",N.A,IfcWallN.A,skip,Wall,Wall,okay
788,BCA,Wall,Double Bay Façade,Walls,Wall,Concrete Panel,Wall,STR,IfcWall,N.A,SGPset_Wall,DoubleBayFaçade,Boolean,N.A,N.A,TRUE/FALSE,N.A,IfcWallN.A,skip,Wall,Wall,okay
789,BCA,Wall,Horizontal Rebar,Walls,Wall,Concrete Panel,Wall,STR,IfcWall,N.A,SGPset_WallReinforcement,HorizontalRebar,Label,N.A,N.A,N.A,2H13-100,IfcWallN.A,skip,Wall,Wall,okay
790,BCA,Wall,Is External,Walls,Wall,Concrete Panel,Wall,STR,IfcWall,N.A,SGPset_Wall,IsExternal,Boolean,N.A,N.A,TRUE/FALSE,N.A,IfcWallN.A,skip,Wall,Wall,okay
791,BCA,Wall,Load Bearing,Walls,Wall,Concrete Panel,Wall,STR,IfcWall,N.A,SGPset_Wall,LoadBearing,Boolean,N.A,N.A,TRUE/FALSE,N.A,IfcWallN.A,skip,Wall,Wall,okay
792,BCA,Wall,Mark,Walls,Wall,Concrete Panel,Wall,STR,IfcWall,N.A,SGPset_WallDimension,Mark,Label,N.A,N.A,N.A,W1,IfcWallN.A,skip,Wall,Wall,okay
793,BCA,Wall,Material Grade,Walls,Wall,Concrete Panel,Wall,STR,IfcWall,N.A,SGPset_Material,MaterialGrade,Label,N.A,Name,"C12/15, C20/25, C30/37, C32/40, C35/45, C40/50, C50/60, C55/67, C60/75, C70/85, C80/95, S235, S275, S355, S460",N.A,IfcWallN.A,skip,Wall,Mate,check
794,BCA,Wall,Mechanical Connection Type,Walls,Wall,Concrete Panel,Wall,STR,IfcWall,N.A,SGPset_Wall,MechanicalConnectionType,Label,N.A,N.A,"grouted sleeves, spiral connector, flexible loops",N.A,IfcWallN.A,skip,Wall,Wall,okay
795,BCA,Wall,Prefabricated Reinforcement Cage,Walls,Wall,Concrete Panel,Wall,STR,IfcWall,N.A,SGPset_Wall,PrefabricatedReinforcementCage,Boolean,N.A,N.A,TRUE/FALSE,N.A,IfcWallN.A,skip,Wall,Wall,okay
796,BCA,Wall,Prefinished Façade,Walls,Wall,Concrete Panel,Wall,STR,IfcWall,N.A,SGPset_Wall,PrefinishedFaçade,Boolean,N.A,N.A,TRUE/FALSE,N.A,IfcWallN.A,skip,Wall,Wall,okay
797,BCA,Wall,ReferTo2DDetail,Walls,Wall,Concrete Panel,Wall,STR,IfcWall,N.A,SGPset_Wall,ReferTo2DDetail,Label,N.A,N.A,N.A,Dwg Number,IfcWallN.A,skip,Wall,Wall,okay
798,BCA,Wall,Reinforcement Steel Grade,Walls,Wall,Concrete Panel,Wall,STR,IfcWall,N.A,SGPset_Wall,ReinforcementSteelGrade,Label,N.A,N.A,"500A, 500B, 500C, 600A, 600B, 600C",N.A,IfcWallN.A,skip,Wall,Wall,okay
799,BCA,Wall,Shelter Usage,Walls,Wall,Concrete Panel,Wall,STR,IfcWall,N.A,SGPset_Wall,ShelterUsage,Boolean,N.A,N.A,TRUE/FALSE,N.A,IfcWallN.A,skip,Wall,Wall,okay
800,BCA,Wall,Stirrups,Walls,Wall,Concrete Panel,Wall,STR,IfcWall,N.A,SGPset_WallReinforcement,Stirrups,Label,N.A,N.A,N.A,H10-150-300,IfcWallN.A,skip,Wall,Wall,okay
801,BCA,Wall,Stirrups Type,Walls,Wall,Concrete Panel,Wall,STR,IfcWall,N.A,SGPset_WallReinforcement,StirrupsType,Label,N.A,N.A,"Normal, U, C, CL, Torsion",N.A,IfcWallN.A,skip,Wall,Wall,okay
802,BCA,Wall,Thickness,Walls,Wall,Concrete Panel,Wall,STR,IfcWall,N.A,SGPset_WallDimension,Thickness,Length,mm,N.A,N.A,300,IfcWallN.A,skip,Wall,Wall,okay
803,BCA,Wall,Vertical Rebar,Walls,Wall,Concrete Panel,Wall,STR,IfcWall,N.A,SGPset_WallReinforcement,VerticalRebar,Label,N.A,N.A,N.A,H32-150+H25-150,IfcWallN.A,skip,Wall,Wall,okay
804,BCA,Wall,Working Load DA1-1,Walls,Wall,Concrete Panel,Wall,STR,IfcWall,N.A,SGPset_WallStructuralLoad,WorkingLoad_DA1-1,Integer,kN,N.A,N.A,1234,IfcWallN.A,skip,Wall,Wall,okay
805,BCA,Wall,Working Load DA1-2,Walls,Wall,Concrete Panel,Wall,STR,IfcWall,N.A,SGPset_WallStructuralLoad,WorkingLoad_DA1-2,Integer,kN,N.A,N.A,1234,IfcWallN.A,skip,Wall,Wall,okay
806,PUB,Waste Terminal,N.A,Pipe Accessories,Pipe Flow Terminal,N.A,Fixture,MEP,IfcWasteTerminal,FLOORTRAP,Please refer to property sets below,Please refer to properties below,N.A,N.A,N.A,N.A,N.A,IfcWasteTerminalFLOORTRAP,check,WasteTerminal,#N/A,#N/A
807,PUB,Waste Terminal,N.A,Pipe Accessories,Pipe Flow Terminal,N.A,Fixture,MEP,IfcWasteTerminal,FLOORWASTE,Please refer to property sets below,Please refer to properties below,N.A,N.A,N.A,N.A,N.A,IfcWasteTerminalFLOORWASTE,check,WasteTerminal,#N/A,#N/A
808,PUB,Waste Terminal,N.A,Pipe Accessories,Pipe Flow Terminal,N.A,Fixture,MEP,IfcWasteTerminal,GULLYSUMP,Please refer to property sets below,Please refer to properties below,N.A,N.A,N.A,N.A,N.A,IfcWasteTerminalGULLYSUMP,check,WasteTerminal,#N/A,#N/A
809,PUB,Waste Terminal,N.A,Pipe Accessories,Pipe Flow Terminal,N.A,Fixture,MEP,IfcWasteTerminal,GULLYTRAP,Please refer to property sets below,Please refer to properties below,N.A,N.A,N.A,N.A,N.A,IfcWasteTerminalGULLYTRAP,check,WasteTerminal,#N/A,#N/A
810,PUB,Waste Terminal,N.A,Pipe Accessories,Pipe Flow Terminal,N.A,Fixture,MEP,IfcWasteTerminal,WASTETRAP,Please refer to property sets below,Please refer to properties below,N.A,N.A,N.A,N.A,N.A,IfcWasteTerminalWASTETRAP,check,WasteTerminal,#N/A,#N/A
811,PUB,Waste Terminal,N.A,Pipe Accessories,Pipe Flow Terminal,N.A,Fixture,MEP,IfcWasteTerminal,*WASTESUMP,Please refer to property sets below,Please refer to properties below,N.A,N.A,N.A,N.A,N.A,IfcWasteTerminalWASTESUMP,okay,WasteTerminal,#N/A,#N/A
812,PUB,Waste Terminal,Material,Pipe Accessories,Pipe Flow Terminal,N.A,Fixture,MEP,IfcWasteTerminal,"FLOORTRAP, FLOORWASTE, GULLYSUMP, GULLYTRAP, WASTETRAP, *WASTESUMP",SGPset_Material,Material,Label,N.A,Name,N.A,N.A,"IfcWasteTerminalFLOORTRAP, FLOORWASTE, GULLYSUMP, GULLYTRAP, WASTETRAP, *WASTESUMP",skip,WasteTerminal,Material,check
813,NEA,Waste Terminal,Trade Effluent,Pipe Accessories,Pipe Flow Terminal,N.A,Fixture,MEP,IfcWasteTerminal,"FLOORTRAP, FLOORWASTE, GULLYSUMP, GULLYTRAP, WASTETRAP, *WASTESUMP",SGPset_WasteTerminal,TradeEffluent,Boolean,N.A,N.A,TRUE/FALSE,N.A,"IfcWasteTerminalFLOORTRAP, FLOORWASTE, GULLYSUMP, GULLYTRAP, WASTETRAP, *WASTESUMP",skip,WasteTerminal,WasteTerminal,okay
814,All,Waste Terminal,System Name,Pipe Accessories,Pipe Flow Terminal,N.A,Fixture,MEP,IfcWasteTerminal,"FLOORTRAP, FLOORWASTE, GULLYSUMP, GULLYTRAP, WASTETRAP, *WASTESUMP",SGPset_WasteTerminal,SystemName,Label,N.A,N.A,N.A,N.A,"IfcWasteTerminalFLOORTRAP, FLOORWASTE, GULLYSUMP, GULLYTRAP, WASTETRAP, *WASTESUMP",skip,WasteTerminal,WasteTerminal,okay
815,All,Waste Terminal,System Type,Pipe Accessories,Pipe Flow Terminal,N.A,Fixture,MEP,IfcWasteTerminal,"FLOORTRAP, FLOORWASTE, GULLYSUMP, GULLYTRAP, WASTETRAP, *WASTESUMP",SGPset_WasteTerminal,SystemType,Label,N.A,N.A,N.A,N.A,"IfcWasteTerminalFLOORTRAP, FLOORWASTE, GULLYSUMP, GULLYTRAP, WASTETRAP, *WASTESUMP",skip,WasteTerminal,WasteTerminal,okay
816,PUB,Water Meter,Capacity,Pipe Accessories,Pipe In-line Flow Device,N.A,Pipe Accessory,MEP,IfcFlowMeter,WATERMETER,SGPset_FlowMeter,Capacity,VolumetricFlowRate,L/s,N.A,N.A,N.A,IfcFlowMeterWATERMETER,check,FlowMeter,FlowMeter,okay
817,PUB,Water Meter,Diameter,Pipe Accessories,Pipe In-line Flow Device,N.A,Pipe Accessory,MEP,IfcFlowMeter,WATERMETER,SGPset_FlowMeterDimension,Diameter,Length,mm,N.A,N.A,N.A,IfcFlowMeterWATERMETER,check,FlowMeter,FlowMeter,okay
818,PUB,Water Meter,Length,Pipe Accessories,Pipe In-line Flow Device,N.A,Pipe Accessory,MEP,IfcFlowMeter,WATERMETER,SGPset_FlowMeterDimension,Length,Length,mm,N.A,N.A,N.A,IfcFlowMeterWATERMETER,check,FlowMeter,FlowMeter,okay
819,PUB,Water Meter,Purpose,Pipe Accessories,Pipe In-line Flow Device,N.A,Pipe Accessory,MEP,IfcFlowMeter,WATERMETER,Pset_FlowMeterOccurrence,Purpose,Label,N.A,N.A,N.A,PRIVATE,IfcFlowMeterWATERMETER,check,FlowMeter,FlowMeter,okay
820,PUB,Water Meter,Unit Number,Pipe Accessories,Pipe In-line Flow Device,N.A,Pipe Accessory,MEP,IfcFlowMeter,WATERMETER,SGPset_FlowMeter,UnitNumber,Label,N.A,N.A,N.A,N.A,IfcFlowMeterWATERMETER,check,FlowMeter,FlowMeter,okay
821,PUB,Water Meter,Unit Number Tag,Pipe Accessories,Pipe In-line Flow Device,N.A,Pipe Accessory,MEP,IfcFlowMeter,WATERMETER,SGPset_FlowMeter,UnitNumberTag,Boolean,N.A,N.A,TRUE/FALSE,N.A,IfcFlowMeterWATERMETER,check,FlowMeter,FlowMeter,okay
822,PUB,Water Meter,Water Supply Source,Pipe Accessories,Pipe In-line Flow Device,N.A,Pipe Accessory,MEP,IfcFlowMeter,WATERMETER,SGPset_FlowMeter,WaterSupplySource,Label,N.A,N.A,N.A,N.A,IfcFlowMeterWATERMETER,check,FlowMeter,FlowMeter,okay
823,PUB,Water Meter,System Name,Pipe Accessories,Pipe In-line Flow Device,N.A,Pipe Accessory,MEP,IfcFlowMeter,WATERMETER,SGPset_FlowMeter,SystemName,Label,N.A,N.A,N.A,N.A,IfcFlowMeterWATERMETER,check,FlowMeter,FlowMeter,okay
824,PUB,Water Meter,System Type,Pipe Accessories,Pipe In-line Flow Device,N.A,Pipe Accessory,MEP,IfcFlowMeter,WATERMETER,SGPset_FlowMeter,SystemType,Label,N.A,N.A,N.A,N.A,IfcFlowMeterWATERMETER,check,FlowMeter,FlowMeter,okay
825,BCA,Window,N.A,Windows,Window,N.A,Window,ARC,IfcWindow,*BAYWINDOW,Please refer to property sets below,Please refer to properties below,N.A,N.A,N.A,N.A,N.A,IfcWindowBAYWINDOW,okay,Window,#N/A,#N/A
826,BCA,Window,N.A,Windows,Window,N.A,Window,ARC,IfcWindow,*VENTILATIONSLEEVE,Please refer to property sets below,Please refer to properties below,N.A,N.A,N.A,N.A,N.A,IfcWindowVENTILATIONSLEEVE,okay,Window,#N/A,#N/A
827,BCA,Window,N.A,Windows,Window,N.A,Window,ARC,IfcWindow,*LOUVRE,Please refer to property sets below,Please refer to properties below,N.A,N.A,N.A,N.A,N.A,IfcWindowLOUVRE,okay,Window,#N/A,#N/A
828,BCA,Window,N.A,Windows,Window,N.A,Window,ARC,IfcWindow,WINDOW,Please refer to property sets below,Please refer to properties below,N.A,N.A,N.A,N.A,N.A,IfcWindowWINDOW,check,Window,#N/A,#N/A
829,BCA,Window,N.A,Windows,Window,N.A,Window,ARC,IfcWindow,SKYLIGHT,Please refer to property sets below,Please refer to properties below,N.A,N.A,N.A,N.A,N.A,IfcWindowSKYLIGHT,check,Window,#N/A,#N/A
830,BCA,Window,Inner Diameter,Windows,Window,N.A,Window,ARC,IfcWindow,All subtypes listed in COP,SGPset_WindowDimension,InnerDiameter,Length,mm,N.A,N.A,N.A,IfcWindowAll subtypes listed in COP,skip,Window,Window,okay
831,BCA,Window,Outer Diameter,Windows,Window,N.A,Window,ARC,IfcWindow,All subtypes listed in COP,SGPset_WindowDimension,OuterDiameter,Length,mm,N.A,N.A,N.A,IfcWindowAll subtypes listed in COP,skip,Window,Window,okay
832,SCDF,Window,Fire Access Opening,Windows,Window,N.A,Window,ARC,IfcWindow,All subtypes listed in COP,SGPset_Window,FireAccessOpening,Boolean,N.A,N.A,TRUE/FALSE,N.A,IfcWindowAll subtypes listed in COP,skip,Window,Window,okay
833,BCA,Window,Structural Width,Windows,Window,N.A,Window,ARC,IfcWindow,All subtypes listed in COP,SGPset_WindowDimension,StructuralWidth,Length,mm,N.A,N.A,N.A,IfcWindowAll subtypes listed in COP,skip,Window,Window,okay
834,BCA,Window,Structural Height,Windows,Window,N.A,Window,ARC,IfcWindow,All subtypes listed in COP,SGPset_WindowDimension,StructuralHeight,Length,mm,N.A,N.A,N.A,IfcWindowAll subtypes listed in COP,skip,Window,Window,okay
835,URA,Window,Material,Windows,Window,N.A,Window,ARC,IfcWindow,All subtypes listed in COP,SGPset_Material,Material,Label,N.A,Name,N.A,N.A,IfcWindowAll subtypes listed in COP,skip,Window,Materi,check
836,SCDF,Window,Safety Barrier Height,Windows,Window,N.A,Window,ARC,IfcWindow,All subtypes listed in COP,SGPset_Window,SafetyBarrierHeight,Length,mm,N.A,N.A,N.A,IfcWindowAll subtypes listed in COP,skip,Window,Window,okay
837,BCA,Window,Percentage of Opening,Windows,Window,N.A,Window,ARC,IfcWindow,All subtypes listed in COP,SGPset_Window,PercentageOfOpening,Real,N.A,N.A,N.A,"0.75, 0.9",IfcWindowAll subtypes listed in COP,skip,Window,Window,okay
838,All,Block Name,Site Name,Project Information,N.A,N.A,N.A,ARC,IfcSite,N.A,N.A,Name,Label,N.A,N.A,N.A,N.A,,9 Dec 2025: For Building Management,,,
839,All,Block Name,Name,N.A.,IFC Project Manager,N.A,Floor Manager,ARC,IfcSite,N.A,N.A,Name,Label,N.A,N.A,N.A,N.A,,9 Dec 2025: For Building Management,,,
